,Sorted Json formula,Site,Distance,Element
142,"{""A"": {""Co"": 0.1667, ""Cu"": 0.1667, ""Ge"": 0.1667, ""Mg"": 0.1667, ""Ni"": 0.1667, ""Zn"": 0.1667}, ""B"": {""O"": 1.0}}",A,0.33564543416728,Ge
297,"{""A"": {""Co"": 0.1429, ""Cr"": 0.1429, ""Cu"": 0.1429, ""Fe"": 0.1429, ""Li"": 0.1429, ""Mn"": 0.1429, ""Ni"": 0.1429}, ""B"": {""O"": 1.0}}",A,0.3196368016073412,Li
305,"{""A"": {""Co"": 0.1667, ""Cr"": 0.1667, ""Fe"": 0.1667, ""Li"": 0.1667, ""Mn"": 0.1667, ""Ni"": 0.1667}, ""B"": {""O"": 1.0}}",A,0.3097247684978389,Li
58,"{""A"": {""Ba"": 0.2, ""Ca"": 0.2, ""Mg"": 0.2, ""Pb"": 0.2, ""Sr"": 0.2}, ""B"": {""Ti"": 1.0}, ""C"": {""O"": 1.0}}",A,0.30745607859209745,Pb
55,"{""A"": {""Ba"": 0.2, ""Ca"": 0.2, ""Mg"": 0.2, ""Pb"": 0.2, ""Sr"": 0.2}, ""B"": {""Fe"": 1.0}, ""C"": {""O"": 1.0}}",A,0.30745607859209745,Pb
340,"{""A"": {""Ba"": 0.2, ""Ca"": 0.2, ""La"": 0.2, ""Pb"": 0.2, ""Sr"": 0.2}, ""B"": {""Ti"": 1.0}, ""C"": {""O"": 1.0}}",A,0.3067212801045809,Pb
299,"{""A"": {""Co"": 0.1429, ""Cr"": 0.1429, ""Fe"": 0.1429, ""Li"": 0.1429, ""Mn"": 0.1429, ""Ni"": 0.1429, ""Zn"": 0.1429}, ""B"": {""O"": 1.0}}",A,0.30536708637754195,Li
298,"{""A"": {""Co"": 0.1429, ""Cr"": 0.1429, ""Fe"": 0.1429, ""Li"": 0.1429, ""Mg"": 0.1429, ""Mn"": 0.1429, ""Ni"": 0.1429}, ""B"": {""O"": 1.0}}",A,0.29231313258197034,Li
653,"{""A"": {""Ba"": 0.2, ""La"": 0.2, ""Na"": 0.2, ""Pb"": 0.2, ""Sr"": 0.2}, ""B"": {""Nb"": 1.0}, ""C"": {""O"": 1.0}}",A,0.2905338047991981,Pb
670,"{""A"": {""Co"": 0.1667, ""Cr"": 0.1667, ""Li"": 0.1667, ""Mn"": 0.1667, ""Ni"": 0.1667, ""Zn"": 0.1667}, ""B"": {""O"": 1.0}}",A,0.2892565547042788,Li
622,"{""A"": {""Dy"": 0.2, ""Er"": 0.2, ""Hf"": 0.2, ""Ho"": 0.2, ""Tm"": 0.2}, ""B"": {""Hf"": 1.0}, ""C"": {""O"": 1.0}}",A,0.28612535517769744,Hf
657,"{""A"": {""Bi"": 0.8571, ""Mg"": 0.1429}, ""B"": {""Nb"": 0.3333, ""Ta"": 0.3333, ""Zn"": 0.3333}, ""C"": {""O"": 1.0}}",B,0.28451258507039967,Zn
358,"{""A"": {""La"": 1.0}, ""B"": {""Co"": 0.2, ""Cr"": 0.2, ""Ga"": 0.2, ""Ge"": 0.2, ""Ni"": 0.2}, ""C"": {""O"": 1.0}}",B,0.28285167171245906,Ge
661,"{""A"": {""Ba"": 0.25, ""Ca"": 0.25, ""Pb"": 0.25, ""Sr"": 0.25}, ""B"": {""Bi"": 0.5, ""Nb"": 0.5}, ""C"": {""O"": 1.0}}",A,0.2821971721397665,Pb
669,"{""A"": {""Co"": 0.1667, ""Fe"": 0.1667, ""Li"": 0.1667, ""Mn"": 0.1667, ""Ni"": 0.1667, ""Zn"": 0.1667}, ""B"": {""O"": 1.0}}",A,0.28183187136468824,Li
680,"{""A"": {""Ba"": 0.2, ""Ca"": 0.2, ""La"": 0.2, ""Li"": 0.2, ""Sr"": 0.2}, ""B"": {""Al"": 0.1, ""Ti"": 0.9}, ""C"": {""O"": 1.0}}",A,0.28016748058485696,Li
304,"{""A"": {""Co"": 0.1667, ""Cr"": 0.1667, ""Fe"": 0.1667, ""Li"": 0.1667, ""Mg"": 0.1667, ""Mn"": 0.1667}, ""B"": {""O"": 1.0}}",A,0.2731198866709158,Li
60,"{""A"": {""Sr"": 1.0}, ""B"": {""Hf"": 0.2, ""Mn"": 0.2, ""Sn"": 0.2, ""Ti"": 0.2, ""Zr"": 0.2}, ""C"": {""O"": 1.0}}",B,0.27254028502593153,Mn
139,"{""A"": {""Co"": 0.1667, ""Cu"": 0.1667, ""Mg"": 0.1667, ""Ni"": 0.1667, ""Sb"": 0.1667, ""Zn"": 0.1667}, ""B"": {""O"": 1.0}}",A,0.26819176997320826,Sb
138,"{""A"": {""Co"": 0.1667, ""Cu"": 0.1667, ""Li"": 0.1667, ""Mg"": 0.1667, ""Ni"": 0.1667, ""Zn"": 0.1667}, ""B"": {""O"": 1.0}}",A,0.2597423232483196,Li
70,"{""A"": {""Ba"": 1.0}, ""B"": {""Hf"": 0.2, ""Sn"": 0.2, ""Ta"": 0.2, ""Ti"": 0.2, ""Zr"": 0.2}, ""C"": {""O"": 1.0}}",B,0.25546965314958114,Sn
715,"{""A"": {""Li"": 0.5, ""Sr"": 0.5}, ""B"": {""Hf"": 0.2, ""Sn"": 0.2, ""Ta"": 0.2, ""Ti"": 0.2, ""Zr"": 0.2}, ""C"": {""O"": 1.0}}",B,0.25546965314958114,Sn
71,"{""A"": {""Sr"": 1.0}, ""B"": {""Hf"": 0.2, ""Sn"": 0.2, ""Ti"": 0.2, ""Y"": 0.2, ""Zr"": 0.2}, ""C"": {""O"": 1.0}}",B,0.2546783455846252,Sn
63,"{""A"": {""Ba"": 1.0}, ""B"": {""Hf"": 0.2, ""Sn"": 0.2, ""Ti"": 0.2, ""Y"": 0.2, ""Zr"": 0.2}, ""C"": {""O"": 1.0}}",B,0.2546783455846252,Sn
439,"{""A"": {""Na"": 0.6}, ""B"": {""Co"": 0.2, ""Mn"": 0.2, ""Ni"": 0.2, ""Ru"": 0.2, ""Ti"": 0.2}, ""C"": {""O"": 1.0}}",B,0.24866633711023223,Ti
291,"{""A"": {""Ag"": 0.2, ""Cd"": 0.2, ""Pb"": 0.2, ""Sb"": 0.2, ""Sn"": 0.2}, ""B"": {""Te"": 1.0}}",A,0.24668278730158066,Ag
292,"{""A"": {""Ag"": 0.2, ""In"": 0.2, ""Pb"": 0.2, ""Sb"": 0.2, ""Sn"": 0.2}, ""B"": {""Te"": 1.0}}",A,0.2463025732880454,Ag
64,"{""A"": {""Ba"": 1.0}, ""B"": {""Hf"": 0.2, ""Nb"": 0.2, ""Sn"": 0.2, ""Ti"": 0.2, ""Zr"": 0.2}, ""C"": {""O"": 1.0}}",B,0.2461201177475364,Sn
65,"{""A"": {""Ba"": 0.5, ""Sr"": 0.5}, ""B"": {""Hf"": 0.2, ""Nb"": 0.2, ""Sn"": 0.2, ""Ti"": 0.2, ""Zr"": 0.2}, ""C"": {""O"": 1.0}}",B,0.2461201177475364,Sn
61,"{""A"": {""Sr"": 1.0}, ""B"": {""Hf"": 0.2, ""Nb"": 0.2, ""Sn"": 0.2, ""Ti"": 0.2, ""Zr"": 0.2}, ""C"": {""O"": 1.0}}",B,0.2461201177475364,Sn
716,"{""A"": {""Ba"": 0.5, ""Li"": 0.5}, ""B"": {""Hf"": 0.2, ""Nb"": 0.2, ""Sn"": 0.2, ""Ti"": 0.2, ""Zr"": 0.2}, ""C"": {""O"": 1.0}}",B,0.2461201177475364,Sn
69,"{""A"": {""Ba"": 0.3333, ""Bi"": 0.3333, ""Sr"": 0.3333}, ""B"": {""Fe"": 0.25, ""Hf"": 0.25, ""Ti"": 0.25, ""Zr"": 0.25}, ""C"": {""O"": 1.0}}",B,0.2442773705494996,Fe
137,"{""A"": {""Co"": 0.1667, ""Cu"": 0.1667, ""Mg"": 0.1667, ""Ni"": 0.1667, ""Sc"": 0.1667, ""Zn"": 0.1667}, ""B"": {""O"": 1.0}}",A,0.24381255610157027,Sc
74,"{""A"": {""Ba"": 0.2, ""Bi"": 0.2, ""Ca"": 0.2, ""K"": 0.2, ""Na"": 0.2}, ""B"": {""Ti"": 1.0}, ""C"": {""O"": 1.0}}",A,0.2427662497019224,Bi
83,"{""A"": {""Al"": 0.1667, ""Co"": 0.1667, ""Cr"": 0.1667, ""Fe"": 0.1667, ""Mn"": 0.1667, ""Ni"": 0.1667}, ""B"": {""O"": 1.0}}",A,0.24224458121830772,Al
470,"{""A"": {""La"": 1.0}, ""B"": {""Co"": 0.2, ""Cu"": 0.2, ""Fe"": 0.2, ""Ga"": 0.2, ""Mn"": 0.2}, ""C"": {""O"": 1.0}}",B,0.24217859299728595,Ga
700,"{""A"": {""Li"": 1.0}, ""B"": {""La"": 0.2, ""Nd"": 0.2, ""Sr"": 0.2, ""Ta"": 0.2, ""Zr"": 0.2}, ""C"": {""O"": 1.0}}",B,0.24117427354255516,Ta
293,"{""A"": {""Ag"": 0.2, ""Cd"": 0.2, ""In"": 0.2, ""Sb"": 0.2, ""Sn"": 0.2}, ""B"": {""Te"": 1.0}}",A,0.24029630841194072,Ag
123,"{""A"": {""Co"": 0.2, ""Ir"": 0.2, ""Pd"": 0.2, ""Pt"": 0.2, ""Rh"": 0.2}, ""B"": {""Te"": 1.0}}",A,0.24007088488509432,Co
78,"{""A"": {""Co"": 0.2, ""Cr"": 0.2, ""Fe"": 0.2, ""Mg"": 0.2, ""Mn"": 0.2}, ""B"": {""O"": 1.0}}",A,0.23889576468532292,Mg
363,"{""A"": {""Ca"": 0.2, ""Eu"": 0.2, ""La"": 0.2, ""Nd"": 0.2, ""Sm"": 0.2}, ""B"": {""Al"": 0.6, ""Co"": 0.4}, ""C"": {""O"": 1.0}}",A,0.23651703049789174,Ca
240,"{""A"": {""Cr"": 0.2, ""Hf"": 0.2, ""Ta"": 0.2, ""Ti"": 0.2, ""Zr"": 0.2}, ""B"": {""B"": 1.0}}",A,0.23577889791869056,Cr
205,"{""A"": {""Cr"": 0.2, ""Hf"": 0.2, ""Ta"": 0.2, ""Ti"": 0.2, ""Zr"": 0.2}, ""B"": {""N"": 0.92}}",A,0.23577889791869056,Cr
210,"{""A"": {""Cr"": 0.2, ""Hf"": 0.2, ""Ta"": 0.2, ""Ti"": 0.2, ""Zr"": 0.2}, ""B"": {""C"": 0.445, ""N"": 0.445}}",A,0.23577889791869056,Cr
518,"{""A"": {""Er"": 0.5, ""Y"": 0.5}, ""B"": {""Ce"": 0.2, ""Hf"": 0.2, ""Sn"": 0.2, ""Ti"": 0.2, ""Zr"": 0.2}, ""C"": {""O"": 1.0}}",B,0.23552194674619154,Sn
593,"{""A"": {""Gd"": 1.0}, ""B"": {""Ce"": 0.2, ""Hf"": 0.2, ""Sn"": 0.2, ""Ti"": 0.2, ""Zr"": 0.2}, ""C"": {""O"": 1.0}}",B,0.23552194674619154,Sn
537,"{""A"": {""Y"": 1.0}, ""B"": {""Ce"": 0.2, ""Hf"": 0.2, ""Sn"": 0.2, ""Ti"": 0.2, ""Zr"": 0.2}, ""C"": {""O"": 1.0}}",B,0.23552194674619154,Sn
62,"{""A"": {""Ba"": 1.0}, ""B"": {""Ce"": 0.2, ""Hf"": 0.2, ""Sn"": 0.2, ""Ti"": 0.2, ""Zr"": 0.2}, ""C"": {""O"": 1.0}}",B,0.23552194674619154,Sn
633,"{""A"": {""Yb"": 1.0}, ""B"": {""Ce"": 0.2, ""Hf"": 0.2, ""Sn"": 0.2, ""Ti"": 0.2, ""Zr"": 0.2}, ""C"": {""O"": 1.0}}",B,0.23552194674619154,Sn
454,"{""A"": {""Na"": 1.0}, ""B"": {""Co"": 0.1667, ""Cu"": 0.1667, ""Fe"": 0.1667, ""Mn"": 0.1667, ""Ni"": 0.1667, ""Ti"": 0.1667}, ""C"": {""O"": 1.0}}",B,0.2347267270368374,Ti
294,"{""A"": {""Ag"": 0.2, ""Bi"": 0.2, ""Cd"": 0.2, ""Pb"": 0.2, ""Sn"": 0.2}, ""B"": {""Te"": 1.0}}",A,0.23464467898150676,Ag
443,"{""A"": {""Na"": 1.0}, ""B"": {""Co"": 0.2, ""Fe"": 0.2, ""Mn"": 0.2, ""Ni"": 0.2, ""Ti"": 0.2}, ""C"": {""O"": 1.0}}",B,0.2323889141802309,Ti
412,"{""A"": {""Li"": 1.0}, ""B"": {""Co"": 0.2, ""Fe"": 0.2, ""Mn"": 0.2, ""Ni"": 0.2, ""Ti"": 0.2}, ""C"": {""O"": 1.0}}",B,0.2323889141802309,Ti
430,"{""A"": {""Na"": 1.0}, ""B"": {""Al"": 0.2, ""Co"": 0.2, ""Fe"": 0.2, ""Mn"": 0.2, ""Ni"": 0.2}, ""C"": {""O"": 1.0}}",B,0.23186817482628685,Al
414,"{""A"": {""Li"": 1.0}, ""B"": {""Al"": 0.2, ""Co"": 0.2, ""Fe"": 0.2, ""Mn"": 0.2, ""Ni"": 0.2}, ""C"": {""O"": 1.0}}",B,0.23186817482628685,Al
252,"{""A"": {""Cr"": 0.25, ""Hf"": 0.25, ""Ta"": 0.25, ""Zr"": 0.25}, ""B"": {""B"": 1.0}}",A,0.23087232983942674,Cr
72,"{""A"": {""Ba"": 0.2, ""Bi"": 0.2, ""Ca"": 0.2, ""Na"": 0.2, ""Sr"": 0.2}, ""B"": {""Ti"": 1.0}, ""C"": {""O"": 1.0}}",A,0.23055641343524902,Bi
396,"{""A"": {""Cr"": 0.1429, ""Hf"": 0.1429, ""Mo"": 0.1429, ""Nb"": 0.1429, ""Ti"": 0.1429, ""V"": 0.1429, ""W"": 0.1429}, ""B"": {""Al"": 1.0}, ""C"": {""C"": 1.0}}",A,0.22999782868250407,Hf
598,"{""A"": {""Eu"": 1.0}, ""B"": {""Nb"": 0.2, ""Ta"": 0.2, ""Y"": 0.2, ""Yb"": 0.2, ""Zr"": 0.2}, ""C"": {""O"": 1.0}}",B,0.22804441193998115,Yb
99,"{""A"": {""Gd"": 1.0}, ""B"": {""Hf"": 0.25, ""Sn"": 0.25, ""Ti"": 0.25, ""Zr"": 0.25}, ""C"": {""O"": 1.0}}",B,0.22789457674138636,Sn
107,"{""A"": {""Eu"": 0.3333, ""Gd"": 0.3333, ""Sm"": 0.3333}, ""B"": {""Hf"": 0.25, ""Sn"": 0.25, ""Ti"": 0.25, ""Zr"": 0.25}, ""C"": {""O"": 1.0}}",B,0.22789457674138636,Sn
98,"{""A"": {""Sm"": 1.0}, ""B"": {""Hf"": 0.25, ""Sn"": 0.25, ""Ti"": 0.25, ""Zr"": 0.25}, ""C"": {""O"": 1.0}}",B,0.22789457674138636,Sn
295,"{""A"": {""Ag"": 0.2, ""Bi"": 0.2, ""Cd"": 0.2, ""In"": 0.2, ""Pb"": 0.2}, ""B"": {""Te"": 1.0}}",A,0.2277546469769487,Ag
417,"{""A"": {""Li"": 1.0}, ""B"": {""Al"": 0.25, ""Co"": 0.25, ""Mn"": 0.25, ""Ni"": 0.25}, ""C"": {""O"": 1.0}}",B,0.22595796257106882,Al
209,"{""A"": {""Cr"": 0.2, ""Hf"": 0.2, ""Nb"": 0.2, ""Ti"": 0.2, ""Zr"": 0.2}, ""B"": {""C"": 0.45, ""N"": 0.45}}",A,0.22340294954511108,Cr
204,"{""A"": {""Cr"": 0.2, ""Hf"": 0.2, ""Nb"": 0.2, ""Ti"": 0.2, ""Zr"": 0.2}, ""B"": {""N"": 0.91}}",A,0.22340294954511108,Cr
650,"{""A"": {""Bi"": 0.5, ""Na"": 0.5}, ""B"": {""Fe"": 0.2, ""Hf"": 0.2, ""Nb"": 0.2, ""Sn"": 0.2, ""Ti"": 0.2}, ""C"": {""O"": 1.0}}",B,0.22335821383830146,Fe
400,"{""A"": {""Cr"": 0.125, ""Hf"": 0.125, ""Nb"": 0.125, ""Ta"": 0.125, ""Ti"": 0.125, ""V"": 0.125, ""W"": 0.125, ""Zr"": 0.125}, ""B"": {""Al"": 1.0}, ""C"": {""C"": 1.0}}",A,0.2230991633458288,Cr
20,"{""A"": {""Cr"": 0.125, ""Hf"": 0.125, ""Nb"": 0.125, ""Ta"": 0.125, ""Ti"": 0.125, ""V"": 0.125, ""W"": 0.125, ""Zr"": 0.125}, ""B"": {""C"": 1.0}}",A,0.2230991633458288,Cr
296,"{""A"": {""Ag"": 0.2, ""Bi"": 0.2, ""Cd"": 0.2, ""In"": 0.2, ""Sn"": 0.2}, ""B"": {""Te"": 1.0}}",A,0.2229881143647363,Ag
251,"{""A"": {""Cr"": 0.25, ""Hf"": 0.25, ""Ti"": 0.25, ""Zr"": 0.25}, ""B"": {""B"": 1.0}}",A,0.22140132627736064,Cr
307,"{""A"": {""Co"": 0.2, ""Fe"": 0.2, ""Ni"": 0.2, ""Ti"": 0.2, ""Zn"": 0.2}, ""B"": {""O"": 1.0}}",A,0.2211412404556321,Ti
126,"{""A"": {""Co"": 0.2, ""Fe"": 0.2, ""Mg"": 0.2, ""Mn"": 0.2, ""Ni"": 0.2}, ""B"": {""P"": 1.0}, ""C"": {""S"": 1.0}}",A,0.22004966569551543,Mg
344,"{""A"": {""K"": 1.0}, ""B"": {""Co"": 0.2, ""Fe"": 0.2, ""Mg"": 0.2, ""Mn"": 0.2, ""Ni"": 0.2}, ""C"": {""F"": 1.0}}",B,0.22004966569551543,Mg
403,"{""A"": {""Co"": 0.2, ""Fe"": 0.2, ""Mg"": 0.2, ""Mn"": 0.2, ""Ni"": 0.2}, ""B"": {""Fe"": 1.0}, ""C"": {""O"": 1.0}}",A,0.22004966569551543,Mg
601,"{""A"": {""Gd"": 0.5, ""La"": 0.5}, ""B"": {""Ce"": 0.2, ""Nb"": 0.2, ""Ta"": 0.2, ""Yb"": 0.2, ""Zr"": 0.2}, ""C"": {""O"": 1.0}}",B,0.22003070538562897,Yb
79,"{""A"": {""Cr"": 0.2, ""Fe"": 0.2, ""Mg"": 0.2, ""Mn"": 0.2, ""Ni"": 0.2}, ""B"": {""O"": 1.0}}",A,0.2190578567955065,Mg
140,"{""A"": {""Co"": 0.1667, ""Cu"": 0.1667, ""Mg"": 0.1667, ""Ni"": 0.1667, ""Sn"": 0.1667, ""Zn"": 0.1667}, ""B"": {""O"": 1.0}}",A,0.2185099663309099,Sn
279,"{""A"": {""Al"": 0.2, ""Co"": 0.2, ""Cr"": 0.2, ""Fe"": 0.2, ""Ni"": 0.2}, ""B"": {""S"": 1.0}}",A,0.21786614509921598,Al
203,"{""A"": {""Cr"": 0.2, ""Hf"": 0.2, ""Nb"": 0.2, ""Ta"": 0.2, ""Ti"": 0.2}, ""B"": {""N"": 0.9}}",A,0.21776349807550366,Cr
208,"{""A"": {""Cr"": 0.2, ""Hf"": 0.2, ""Nb"": 0.2, ""Ta"": 0.2, ""Ti"": 0.2}, ""B"": {""C"": 0.455, ""N"": 0.455}}",A,0.21776349807550366,Cr
402,"{""A"": {""Cr"": 0.1111, ""Hf"": 0.1111, ""Mo"": 0.1111, ""Nb"": 0.1111, ""Ta"": 0.1111, ""Ti"": 0.1111, ""V"": 0.1111, ""W"": 0.1111, ""Zr"": 0.1111}, ""B"": {""Al"": 1.0}, ""C"": {""C"": 1.0}}",A,0.21683121968323626,Cr
389,"{""A"": {""Cr"": 0.1667, ""Hf"": 0.1667, ""Nb"": 0.1667, ""Ti"": 0.1667, ""V"": 0.1667, ""W"": 0.1667}, ""B"": {""Al"": 1.0}, ""C"": {""C"": 1.0}}",A,0.21574597844149523,Hf
678,"{""A"": {""Ca"": 0.2, ""Ce"": 0.2, ""La"": 0.2, ""Nd"": 0.2, ""Y"": 0.2}, ""B"": {""Sn"": 1.0}, ""C"": {""O"": 1.0}}",A,0.21561595691941482,Ca
506,"{""A"": {""Ba"": 1.0}, ""B"": {""Co"": 0.2, ""Ga"": 0.2, ""Zn"": 0.2, ""Y"": 0.2, ""Zr"": 0.2}, ""C"": {""O"": 1.0}}",B,0.2153629730680623,Co
504,"{""A"": {""Ba"": 0.95, ""K"": 0.05}, ""B"": {""Co"": 0.2, ""Ga"": 0.2, ""Zn"": 0.2, ""Zr"": 0.2, ""Y"": 0.2}, ""C"": {""O"": 1.0}}",B,0.2153629730680623,Co
480,"{""A"": {""Co"": 0.2, ""Cu"": 0.2, ""Fe"": 0.2, ""Mg"": 0.2, ""Mn"": 0.2}, ""B"": {""O"": 1.0}}",A,0.21528652268676285,Mg
505,"{""A"": {""Ba"": 1.0}, ""B"": {""Co"": 0.2, ""Fe"": 0.2, ""Pr"": 0.2, ""Sn"": 0.2, ""Zr"": 0.2}, ""C"": {""O"": 1.0}}",B,0.2150797526379905,Zr
398,"{""A"": {""Hf"": 0.1429, ""Mo"": 0.1429, ""Nb"": 0.1429, ""Ta"": 0.1429, ""Ti"": 0.1429, ""V"": 0.1429, ""W"": 0.1429}, ""B"": {""Al"": 1.0}, ""C"": {""C"": 1.0}}",A,0.2149313041962756,Hf
401,"{""A"": {""Cr"": 0.125, ""Hf"": 0.125, ""Mo"": 0.125, ""Nb"": 0.125, ""Ti"": 0.125, ""V"": 0.125, ""W"": 0.125, ""Zr"": 0.125}, ""B"": {""Al"": 1.0}, ""C"": {""C"": 1.0}}",A,0.21341927537951133,Hf
188,"{""A"": {""Co"": 0.1429, ""Cu"": 0.1429, ""Fe"": 0.1429, ""Mg"": 0.1429, ""Mn"": 0.1429, ""Ni"": 0.1429, ""Zn"": 0.1429}, ""B"": {""F"": 1.0}}",A,0.21340101573738124,Mg
393,"{""A"": {""Hf"": 0.1667, ""Mo"": 0.1667, ""Nb"": 0.1667, ""Ti"": 0.1667, ""V"": 0.1667, ""W"": 0.1667}, ""B"": {""Al"": 1.0}, ""C"": {""C"": 1.0}}",A,0.21269447216493786,Hf
558,"{""A"": {""Er"": 0.2, ""Ho"": 0.2, ""Lu"": 0.2, ""Sc"": 0.2, ""Yb"": 0.2}, ""B"": {""Si"": 1.0}, ""C"": {""O"": 1.0}}",A,0.21092025199222209,Sc
404,"{""A"": {""Co"": 0.2, ""Cu"": 0.2, ""Fe"": 0.2, ""Mg"": 0.2, ""Ni"": 0.2}, ""B"": {""Fe"": 1.0}, ""C"": {""O"": 1.0}}",A,0.21089261904829792,Mg
482,"{""A"": {""Co"": 0.2, ""Cu"": 0.2, ""Fe"": 0.2, ""Mg"": 0.2, ""Ni"": 0.2}, ""B"": {""O"": 1.0}}",A,0.21089261904829792,Mg
284,"{""A"": {""Cr"": 0.2, ""Fe"": 0.2, ""Mn"": 0.2, ""Ni"": 0.2, ""Ti"": 0.2}, ""B"": {""S"": 1.0}}",A,0.21077878309080045,Ti
282,"{""A"": {""Co"": 0.2, ""Cu"": 0.2, ""Ga"": 0.2, ""In"": 0.2, ""Zn"": 0.2}, ""B"": {""S"": 1.0}}",A,0.20976704126259071,Co
380,"{""A"": {""Cr"": 0.2, ""Hf"": 0.2, ""Ti"": 0.2, ""V"": 0.2, ""W"": 0.2}, ""B"": {""Al"": 1.0}, ""C"": {""C"": 1.0}}",A,0.20956887219488862,Hf
19,"{""A"": {""Cr"": 0.125, ""Hf"": 0.125, ""Mo"": 0.125, ""Nb"": 0.125, ""Ta"": 0.125, ""Ti"": 0.125, ""V"": 0.125, ""Zr"": 0.125}, ""B"": {""C"": 1.0}}",A,0.20952227400039292,Cr
103,"{""A"": {""Eu"": 0.5, ""Gd"": 0.5}, ""B"": {""Hf"": 0.3333, ""Sn"": 0.3333, ""Zr"": 0.3333}, ""C"": {""O"": 1.0}}",B,0.20949510022326445,Sn
102,"{""A"": {""La"": 0.5, ""Pr"": 0.5}, ""B"": {""Hf"": 0.3333, ""Sn"": 0.3333, ""Zr"": 0.3333}, ""C"": {""O"": 1.0}}",B,0.20949510022326445,Sn
141,"{""A"": {""Co"": 0.1667, ""Cr"": 0.1667, ""Cu"": 0.1667, ""Mg"": 0.1667, ""Ni"": 0.1667, ""Zn"": 0.1667}, ""B"": {""O"": 1.0}}",A,0.20841167332115218,Mg
253,"{""A"": {""Cr"": 0.25, ""Hf"": 0.25, ""Ta"": 0.25, ""Ti"": 0.25}, ""B"": {""B"": 1.0}}",A,0.20815977907280325,Cr
59,"{""A"": {""Ca"": 0.2, ""Ce"": 0.2, ""K"": 0.2, ""La"": 0.2, ""Na"": 0.2}, ""B"": {""Ti"": 1.0}, ""C"": {""O"": 1.0}}",A,0.20645124856628216,Ce
289,"{""A"": {""Ag"": 0.25, ""Bi"": 0.25, ""In"": 0.25, ""Pb"": 0.25}, ""B"": {""Se"": 0.25, ""Te"": 0.75}}",A,0.2061666548166763,Pb
290,"{""A"": {""Ag"": 0.25, ""Bi"": 0.25, ""In"": 0.25, ""Pb"": 0.25}, ""B"": {""Se"": 0.5, ""Te"": 0.5}}",A,0.2061666548166763,Pb
234,"{""A"": {""Er"": 0.2, ""Lu"": 0.2, ""Sc"": 0.2, ""Tm"": 0.2, ""Yb"": 0.2}, ""B"": {""Si"": 1.0}, ""C"": {""O"": 1.0}}",A,0.20441671348866075,Sc
316,"{""A"": {""Ag"": 0.3333, ""Sb"": 0.3333, ""Sn"": 0.3333}, ""B"": {""Se"": 0.5, ""Te"": 0.5}}",A,0.20403809232359393,Ag
645,"{""A"": {""Bi"": 0.2, ""K"": 0.2, ""La"": 0.2, ""Na"": 0.2, ""Sr"": 0.2}, ""B"": {""Nb"": 0.05, ""Ti"": 0.95}, ""C"": {""O"": 1.0}}",A,0.20396439853453208,Bi
679,"{""A"": {""Ca"": 0.2, ""Ce"": 0.2, ""La"": 0.2, ""Mg"": 0.2, ""Y"": 0.2}, ""B"": {""Al"": 0.5, ""Sn"": 0.5}, ""C"": {""O"": 1.0}}",A,0.20279399720666247,Mg
513,"{""A"": {""Er"": 0.25, ""Ho"": 0.25, ""Sc"": 0.25, ""Yb"": 0.25}, ""B"": {""Hf"": 1.0}, ""C"": {""O"": 1.0}}",A,0.20257720618012087,Sc
408,"{""A"": {""Cd"": 0.2, ""Fe"": 0.2, ""Mg"": 0.2, ""Ni"": 0.2, ""Zn"": 0.2}, ""B"": {""Fe"": 1.0}, ""C"": {""O"": 1.0}}",A,0.2023336439705844,Fe
18,"{""A"": {""Hf"": 0.125, ""Mo"": 0.125, ""Nb"": 0.125, ""Ta"": 0.125, ""Ti"": 0.125, ""V"": 0.125, ""W"": 0.125, ""Zr"": 0.125}, ""B"": {""C"": 1.0}}",A,0.20172683369133748,Hf
473,"{""A"": {""Ba"": 0.2, ""Ca"": 0.2, ""Ce"": 0.2, ""La"": 0.2, ""Sr"": 0.2}, ""B"": {""Co"": 1.0}, ""C"": {""O"": 1.0}}",A,0.2012451608464112,Ce
254,"{""A"": {""Cr"": 0.25, ""Ta"": 0.25, ""Ti"": 0.25, ""Zr"": 0.25}, ""B"": {""B"": 1.0}}",A,0.19983022920589177,Cr
75,"{""A"": {""Cu"": 0.2, ""Fe"": 0.2, ""Mg"": 0.2, ""Ti"": 0.2, ""Zn"": 0.2}, ""B"": {""O"": 1.0}}",A,0.1968208261411455,Ti
300,"{""A"": {""Al"": 0.1667, ""Cr"": 0.1667, ""Fe"": 0.1667, ""Mg"": 0.1667, ""Mn"": 0.1667, ""Ni"": 0.1667}, ""B"": {""O"": 1.0}}",A,0.1963831304805771,Mg
214,"{""A"": {""Cr"": 0.2, ""Mo"": 0.2, ""Nb"": 0.2, ""Ta"": 0.2, ""W"": 0.2}, ""B"": {""Si"": 1.0}}",A,0.19616537763309772,Cr
564,"{""A"": {""Dy"": 0.2, ""Er"": 0.2, ""Ho"": 0.2, ""Lu"": 0.2, ""Tm"": 0.2}, ""B"": {""Hf"": 1.0}, ""C"": {""O"": 1.0}}",A,0.1958189066313677,Lu
82,"{""A"": {""Cr"": 0.2, ""Fe"": 0.2, ""Mg"": 0.2, ""Mn"": 0.2, ""Zn"": 0.2}, ""B"": {""O"": 1.0}}",A,0.1950679552310387,Mg
671,"{""A"": {""Co"": 0.2, ""Cr"": 0.2, ""Fe"": 0.2, ""Ni"": 0.2, ""Zn"": 0.2}, ""B"": {""O"": 1.0}}",A,0.19447132938031264,Zn
278,"{""A"": {""Co"": 0.2, ""Cr"": 0.2, ""Fe"": 0.2, ""Ni"": 0.2, ""Zn"": 0.2}, ""B"": {""S"": 1.0}}",A,0.19447132938031264,Zn
554,"{""A"": {""Gd"": 0.2, ""Lu"": 0.2, ""Sc"": 0.2, ""Tm"": 0.2, ""Yb"": 0.2}, ""B"": {""Si"": 1.0}, ""C"": {""O"": 1.0}}",A,0.19435079202573613,Sc
135,"{""A"": {""Co"": 0.25, ""Cu"": 0.25, ""Mg"": 0.25, ""Ni"": 0.25}, ""B"": {""O"": 1.0}}",A,0.19418095211783748,Mg
384,"{""A"": {""Hf"": 0.2, ""Nb"": 0.2, ""Ti"": 0.2, ""V"": 0.2, ""W"": 0.2}, ""B"": {""Al"": 1.0}, ""C"": {""C"": 1.0}}",A,0.19375634067992098,Hf
474,"{""A"": {""La"": 0.2, ""Nd"": 0.2, ""Pr"": 0.2, ""Sm"": 0.2, ""Sr"": 0.2}, ""B"": {""Co"": 0.2308, ""Fe"": 0.7692}, ""C"": {""O"": 1.0}}",A,0.19334917973933718,Sr
479,"{""A"": {""La"": 0.2, ""Nd"": 0.2, ""Pr"": 0.2, ""Sm"": 0.2, ""Sr"": 0.2}, ""B"": {""Mn"": 1.0}, ""C"": {""O"": 1.0}}",A,0.19334917973933718,Sr
223,"{""A"": {""Dy"": 0.1667, ""Er"": 0.1667, ""Nd"": 0.1667, ""Sc"": 0.1667, ""Y"": 0.1667, ""Yb"": 0.1667}, ""B"": {""Si"": 1.0}, ""C"": {""O"": 1.0}}",A,0.19267760593441063,Sc
345,"{""A"": {""K"": 1.0}, ""B"": {""Co"": 0.2, ""Mg"": 0.2, ""Mn"": 0.2, ""Ni"": 0.2, ""Zn"": 0.2}, ""C"": {""F"": 1.0}}",B,0.19179310566869368,Mg
87,"{""A"": {""Co"": 0.2, ""Mg"": 0.2, ""Mn"": 0.2, ""Ni"": 0.2, ""Zn"": 0.2}, ""B"": {""Al"": 0.2, ""Co"": 0.2, ""Cr"": 0.2, ""Fe"": 0.2, ""Mn"": 0.2}, ""C"": {""O"": 1.0}}",A,0.19179310566869368,Mg
675,"{""A"": {""Co"": 0.2, ""Mg"": 0.2, ""Mn"": 0.2, ""Ni"": 0.2, ""Zn"": 0.2}, ""B"": {""O"": 1.0}}",A,0.19179310566869368,Mg
667,"{""A"": {""Co"": 0.2, ""Mg"": 0.2, ""Mn"": 0.2, ""Ni"": 0.2, ""Zn"": 0.2}, ""B"": {""Cr"": 1.0}, ""C"": {""O"": 1.0}}",A,0.19179310566869368,Mg
625,"{""A"": {""Dy"": 0.0833, ""Er"": 0.0833, ""Eu"": 0.0833, ""Gd"": 0.0833, ""Ho"": 0.0833, ""La"": 0.0833, ""Lu"": 0.0833, ""Nd"": 0.0833, ""Sm"": 0.0833, ""Tm"": 0.0833, ""Y"": 0.0833, ""Yb"": 0.0833}, ""B"": {""Zr"": 1.0}, ""C"": {""O"": 1.0}}",A,0.1916838519617995,Lu
257,"{""A"": {""Hf"": 0.2, ""Ta"": 0.2, ""Ti"": 0.2, ""V"": 0.2, ""Zr"": 0.2}, ""B"": {""B"": 1.0}}",A,0.19166290493187366,V
377,"{""A"": {""Cr"": 0.2, ""Ti"": 0.2, ""V"": 0.2, ""W"": 0.2, ""Zr"": 0.2}, ""B"": {""Al"": 1.0}, ""C"": {""C"": 1.0}}",A,0.19136039741654298,W
81,"{""A"": {""Co"": 0.2, ""Cr"": 0.2, ""Fe"": 0.2, ""Mn"": 0.2, ""Zn"": 0.2}, ""B"": {""O"": 1.0}}",A,0.19133146740746987,Zn
244,"{""A"": {""Cr"": 0.2, ""Mo"": 0.2, ""Ta"": 0.2, ""Ti"": 0.2, ""W"": 0.2}, ""B"": {""B"": 1.0}}",A,0.1909513144287852,Cr
390,"{""A"": {""Cr"": 0.1667, ""Nb"": 0.1667, ""Ta"": 0.1667, ""Ti"": 0.1667, ""V"": 0.1667, ""W"": 0.1667}, ""B"": {""Al"": 1.0}, ""C"": {""C"": 1.0}}",A,0.19090690206613803,Cr
551,"{""A"": {""Er"": 0.1667, ""Eu"": 0.1667, ""Gd"": 0.1667, ""Sc"": 0.1667, ""Y"": 0.1667, ""Yb"": 0.1667}, ""B"": {""Si"": 1.0}, ""C"": {""O"": 1.0}}",A,0.19033733344630832,Sc
306,"{""A"": {""Fe"": 0.2, ""Mg"": 0.2, ""Ni"": 0.2, ""Ti"": 0.2, ""Zn"": 0.2}, ""B"": {""O"": 1.0}}",A,0.19031734660706412,Ti
534,"{""A"": {""Er"": 0.2, ""Gd"": 0.2, ""Lu"": 0.2, ""Sc"": 0.2, ""Yb"": 0.2}, ""B"": {""Ce"": 1.0}, ""C"": {""O"": 1.0}}",A,0.19026901969981502,Sc
397,"{""A"": {""Cr"": 0.1429, ""Mo"": 0.1429, ""Nb"": 0.1429, ""Ta"": 0.1429, ""Ti"": 0.1429, ""V"": 0.1429, ""W"": 0.1429}, ""B"": {""Al"": 1.0}, ""C"": {""C"": 1.0}}",A,0.19018350229859216,Cr
32,"{""A"": {""Ce"": 0.2, ""Gd"": 0.2, ""La"": 0.2, ""Y"": 0.2, ""Zr"": 0.2}, ""B"": {""O"": 0.875, ""X"": 0.125}}",A,0.18867963272988053,Zr
286,"{""A"": {""Ge"": 0.3333, ""Pb"": 0.3333, ""Sn"": 0.3333}, ""B"": {""S"": 0.3333, ""Se"": 0.3333, ""Te"": 0.3333}}",A,0.18864846629227583,Pb
604,"{""A"": {""Dy"": 0.1, ""Er"": 0.1, ""Gd"": 0.1, ""Ho"": 0.1, ""Lu"": 0.1, ""Nd"": 0.1, ""Sm"": 0.1, ""Tm"": 0.1, ""Y"": 0.1, ""Yb"": 0.1}, ""B"": {""Ta"": 1.0}, ""C"": {""O"": 1.0}}",A,0.18831034676568703,Lu
288,"{""A"": {""Ag"": 0.3333, ""Bi"": 0.3333, ""Pb"": 0.3333}, ""B"": {""S"": 0.3333, ""Se"": 0.3333, ""Te"": 0.3333}}",A,0.18800998050895446,Ag
523,"{""A"": {""Dy"": 0.2, ""Eu"": 0.2, ""Lu"": 0.2, ""Sm"": 0.2, ""Tb"": 0.2}, ""B"": {""Ce"": 1.0}, ""C"": {""O"": 1.0}}",A,0.1875473562178448,Lu
606,"{""A"": {""Lu"": 0.25, ""Sc"": 0.25, ""Tm"": 0.25, ""Yb"": 0.25}, ""B"": {""Si"": 1.0}, ""C"": {""O"": 1.0}}",A,0.18692269189173139,Sc
568,"{""A"": {""Dy"": 0.1429, ""Er"": 0.1429, ""Gd"": 0.1429, ""Ho"": 0.1429, ""Lu"": 0.1429, ""Tm"": 0.1429, ""Yb"": 0.1429}, ""B"": {""Si"": 1.0}, ""C"": {""O"": 1.0}}",A,0.18663740915716442,Lu
133,"{""A"": {""Co"": 0.2, ""Cu"": 0.2, ""Mg"": 0.2, ""Ni"": 0.2, ""Zn"": 0.2}, ""B"": {""O"": 1.0}}",A,0.18624052260931545,Mg
347,"{""A"": {""K"": 1.0}, ""B"": {""Co"": 0.2, ""Cu"": 0.2, ""Mg"": 0.2, ""Ni"": 0.2, ""Zn"": 0.2}, ""C"": {""F"": 1.0}}",B,0.18624052260931545,Mg
395,"{""A"": {""Cr"": 0.1429, ""Mo"": 0.1429, ""Nb"": 0.1429, ""Ti"": 0.1429, ""V"": 0.1429, ""W"": 0.1429, ""Zr"": 0.1429}, ""B"": {""Al"": 1.0}, ""C"": {""C"": 1.0}}",A,0.18604656893219196,Cr
495,"{""A"": {""Ba"": 0.2, ""Bi"": 0.2, ""La"": 0.2, ""Pr"": 0.2, ""Sr"": 0.2}, ""B"": {""Fe"": 1.0}, ""C"": {""O"": 1.0}}",A,0.18603651432536517,Bi
249,"{""A"": {""Cr"": 0.25, ""Nb"": 0.25, ""Ta"": 0.25, ""Ti"": 0.25}, ""B"": {""B"": 1.0}}",A,0.18572625805626852,Cr
468,"{""A"": {""Ba"": 0.1667, ""Ca"": 0.1667, ""Nd"": 0.1667, ""Pr"": 0.1667, ""Sm"": 0.1667, ""Sr"": 0.1667}, ""B"": {""Co"": 0.8571, ""Mn"": 0.1429}, ""C"": {""O"": 1.0}}",A,0.18483889507580697,Ca
333,"{""A"": {""Hf"": 0.1667, ""Nb"": 0.1667, ""Ta"": 0.1667, ""Ti"": 0.1667, ""V"": 0.1667, ""Zr"": 0.1667}, ""B"": {""Co"": 1.0}, ""C"": {""Sb"": 1.0}}",A,0.18483102033903698,V
197,"{""A"": {""Hf"": 0.1667, ""Nb"": 0.1667, ""Ta"": 0.1667, ""Ti"": 0.1667, ""V"": 0.1667, ""Zr"": 0.1667}, ""B"": {""N"": 1.0}}",A,0.18483102033903698,V
332,"{""A"": {""Hf"": 0.1667, ""Nb"": 0.1667, ""Ta"": 0.1667, ""Ti"": 0.1667, ""V"": 0.1667, ""Zr"": 0.1667}, ""B"": {""Co"": 0.4, ""Fe"": 0.6}, ""C"": {""Sb"": 1.0}}",A,0.18483102033903698,V
258,"{""A"": {""Hf"": 0.2, ""Ta"": 0.2, ""Ti"": 0.2, ""W"": 0.2, ""Zr"": 0.2}, ""B"": {""B"": 1.0}}",A,0.18473897710386988,W
4,"{""A"": {""Hf"": 0.2, ""Ta"": 0.2, ""Ti"": 0.2, ""W"": 0.2, ""Zr"": 0.2}, ""B"": {""C"": 1.0}}",A,0.18473897710386988,W
378,"{""A"": {""Cr"": 0.2, ""Nb"": 0.2, ""Ti"": 0.2, ""V"": 0.2, ""W"": 0.2}, ""B"": {""Al"": 1.0}, ""C"": {""C"": 1.0}}",A,0.1846202645799313,W
80,"{""A"": {""Cr"": 0.2, ""Fe"": 0.2, ""Mn"": 0.2, ""Ni"": 0.2, ""Zn"": 0.2}, ""B"": {""O"": 1.0}}",A,0.18359602133435016,Zn
566,"{""A"": {""Dy"": 0.1429, ""Er"": 0.1429, ""Ho"": 0.1429, ""Lu"": 0.1429, ""Tm"": 0.1429, ""Y"": 0.1429, ""Yb"": 0.1429}, ""B"": {""P"": 1.0}, ""C"": {""O"": 1.0}}",A,0.18338833366329144,Lu
405,"{""A"": {""Co"": 0.2, ""Fe"": 0.2, ""Mg"": 0.2, ""Ni"": 0.2, ""Zn"": 0.2}, ""B"": {""Fe"": 1.0}, ""C"": {""O"": 1.0}}",A,0.1829734797662621,Mg
350,"{""A"": {""Er"": 0.2, ""Ho"": 0.2, ""Lu"": 0.2, ""Tm"": 0.2, ""Yb"": 0.2}, ""B"": {""Zr"": 1.0}, ""C"": {""O"": 1.0}}",A,0.18292505859195896,Lu
616,"{""A"": {""Er"": 0.2, ""Ho"": 0.2, ""Lu"": 0.2, ""Tm"": 0.2, ""Yb"": 0.2}, ""B"": {""Si"": 1.0}, ""C"": {""O"": 1.0}}",A,0.18292505859195896,Lu
2,"{""A"": {""Hf"": 0.2, ""Nb"": 0.2, ""Ta"": 0.2, ""Ti"": 0.2, ""V"": 0.2}, ""B"": {""C"": 1.0}}",A,0.1823614382558859,Hf
262,"{""A"": {""Cr"": 0.2, ""Nb"": 0.2, ""Ta"": 0.2, ""V"": 0.2, ""W"": 0.2}, ""B"": {""B"": 1.0}}",A,0.18184610410416369,Cr
592,"{""A"": {""Gd"": 1.0}, ""B"": {""Sn"": 0.3333, ""Ti"": 0.3333, ""Zr"": 0.3333}, ""C"": {""O"": 1.0}}",B,0.18124333462941555,Sn
631,"{""A"": {""Dy"": 0.2, ""Er"": 0.2, ""Ho"": 0.2, ""Tm"": 0.2, ""Y"": 0.2}, ""B"": {""Hf"": 1.0}, ""C"": {""O"": 1.0}}",A,0.18083919493269585,Y
245,"{""A"": {""Hf"": 0.2, ""Nb"": 0.2, ""Ta"": 0.2, ""W"": 0.2, ""Zr"": 0.2}, ""B"": {""B"": 1.0}}",A,0.1807138250197019,W
514,"{""A"": {""Sr"": 1.0}, ""B"": {""Ce"": 0.2, ""Gd"": 0.2, ""Hf"": 0.2, ""Yb"": 0.2, ""Zr"": 0.2}, ""C"": {""O"": 1.0}}",B,0.1803325033678448,Hf
31,"{""A"": {""Ce"": 0.2, ""Gd"": 0.2, ""Hf"": 0.2, ""Yb"": 0.2, ""Zr"": 0.2}, ""B"": {""O"": 0.875, ""X"": 0.125}}",A,0.1803325033678448,Hf
346,"{""A"": {""K"": 1.0}, ""B"": {""Co"": 0.2, ""Fe"": 0.2, ""Mn"": 0.2, ""Ni"": 0.2, ""Zn"": 0.2}, ""C"": {""F"": 1.0}}",B,0.1797323298589959,Zn
485,"{""A"": {""Co"": 0.2, ""Fe"": 0.2, ""Mn"": 0.2, ""Ni"": 0.2, ""Zn"": 0.2}, ""B"": {""O"": 1.0}}",A,0.1797323298589959,Zn
125,"{""A"": {""Co"": 0.2, ""Fe"": 0.2, ""Mn"": 0.2, ""Ni"": 0.2, ""Zn"": 0.2}, ""B"": {""P"": 1.0}, ""C"": {""S"": 1.0}}",A,0.1797323298589959,Zn
375,"{""A"": {""Hf"": 0.25, ""Ti"": 0.25, ""V"": 0.25, ""W"": 0.25}, ""B"": {""Al"": 1.0}, ""C"": {""C"": 1.0}}",A,0.17929121631768075,Hf
391,"{""A"": {""Cr"": 0.1667, ""Mo"": 0.1667, ""Ta"": 0.1667, ""Ti"": 0.1667, ""V"": 0.1667, ""W"": 0.1667}, ""B"": {""Al"": 1.0}, ""C"": {""C"": 1.0}}",A,0.17918838904398593,Cr
483,"{""A"": {""Cr"": 0.2, ""Fe"": 0.2, ""Mg"": 0.2, ""Ni"": 0.2, ""Zn"": 0.2}, ""B"": {""O"": 1.0}}",A,0.1788512905609777,Mg
585,"{""A"": {""Ce"": 0.2, ""La"": 0.2, ""Pr"": 0.2, ""Sc"": 0.2, ""Y"": 0.2}, ""B"": {""Zr"": 1.0}, ""C"": {""O"": 1.0}}",A,0.1787933286325495,Sc
341,"{""A"": {""Sr"": 1.0}, ""B"": {""Cr"": 0.2, ""Fe"": 0.2, ""Mo"": 0.2, ""Nb"": 0.2, ""Ti"": 0.2}, ""C"": {""O"": 1.0}}",B,0.17835374870585785,Fe
28,"{""A"": {""Ce"": 0.2, ""Gd"": 0.2, ""Hf"": 0.2, ""Y"": 0.2, ""Zr"": 0.2}, ""B"": {""O"": 0.875, ""X"": 0.125}}",A,0.17762603890266981,Hf
387,"{""A"": {""Cr"": 0.1667, ""Mo"": 0.1667, ""Ti"": 0.1667, ""V"": 0.1667, ""W"": 0.1667, ""Zr"": 0.1667}, ""B"": {""Al"": 1.0}, ""C"": {""C"": 1.0}}",A,0.17756026905187527,Zr
501,"{""A"": {""Ca"": 0.2, ""La"": 0.2, ""Nd"": 0.2, ""Pr"": 0.2, ""Sr"": 0.2}, ""B"": {""Ni"": 1.0}, ""C"": {""O"": 1.0}}",A,0.17753426687711826,Ca
356,"{""A"": {""La"": 0.2, ""Lu"": 0.2, ""Nd"": 0.2, ""Tm"": 0.2, ""Yb"": 0.2}, ""B"": {""Zr"": 1.0}, ""C"": {""O"": 1.0}}",A,0.17689131691668125,La
5,"{""A"": {""Hf"": 0.2, ""Nb"": 0.2, ""Ta"": 0.2, ""Ti"": 0.2, ""W"": 0.2}, ""B"": {""C"": 1.0}}",A,0.17671071478071487,Hf
381,"{""A"": {""Cr"": 0.2, ""Ta"": 0.2, ""Ti"": 0.2, ""V"": 0.2, ""W"": 0.2}, ""B"": {""Al"": 1.0}, ""C"": {""C"": 1.0}}",A,0.17668170909797676,Cr
643,"{""A"": {""Dy"": 0.2, ""Er"": 0.2, ""Sc"": 0.2, ""Y"": 0.2, ""Yb"": 0.2}, ""B"": {""Si"": 1.0}, ""C"": {""O"": 1.0}}",A,0.1766647219746592,Sc
357,"{""A"": {""Cr"": 0.2, ""Nb"": 0.2, ""Ti"": 0.2, ""V"": 0.2, ""Zr"": 0.2}, ""B"": {""N"": 1.0}}",A,0.17641744458096142,Cr
498,"{""A"": {""Ba"": 0.2, ""Ca"": 0.2, ""La"": 0.2, ""Pr"": 0.2, ""Sr"": 0.2}, ""B"": {""Co"": 1.0}, ""C"": {""O"": 1.0}}",A,0.1762239115683928,Pr
462,"{""A"": {""Ba"": 0.2, ""Ca"": 0.2, ""La"": 0.2, ""Pr"": 0.2, ""Sr"": 0.2}, ""B"": {""Fe"": 1.0}, ""C"": {""O"": 1.0}}",A,0.1762239115683928,Pr
287,"{""A"": {""Pb"": 0.3333, ""Sb"": 0.3333, ""Sn"": 0.3333}, ""B"": {""S"": 0.3333, ""Se"": 0.3333, ""Te"": 0.3333}}",A,0.17581060356879274,Pb
367,"{""A"": {""Cr"": 0.25, ""Ti"": 0.25, ""V"": 0.25, ""W"": 0.25}, ""B"": {""Al"": 1.0}, ""C"": {""C"": 1.0}}",A,0.17553471526600506,W
231,"{""A"": {""Dy"": 0.2, ""Er"": 0.2, ""Ho"": 0.2, ""Lu"": 0.2, ""Y"": 0.2}, ""B"": {""Si"": 1.0}, ""C"": {""O"": 1.0}}",A,0.17511642670356742,Lu
116,"{""A"": {""Cr"": 0.2, ""Nb"": 0.2, ""Ta"": 0.2, ""Ti"": 0.2, ""V"": 0.2}, ""B"": {""Se"": 1.0}}",A,0.17502947380553902,Cr
115,"{""A"": {""Cr"": 0.2, ""Nb"": 0.2, ""Ta"": 0.2, ""Ti"": 0.2, ""V"": 0.2}, ""B"": {""S"": 1.0}}",A,0.17502947380553902,Cr
202,"{""A"": {""Cr"": 0.2, ""Nb"": 0.2, ""Ta"": 0.2, ""Ti"": 0.2, ""V"": 0.2}, ""B"": {""N"": 0.83}}",A,0.17502947380553902,Cr
207,"{""A"": {""Cr"": 0.2, ""Nb"": 0.2, ""Ta"": 0.2, ""Ti"": 0.2, ""V"": 0.2}, ""B"": {""C"": 0.405, ""N"": 0.405}}",A,0.17502947380553902,Cr
119,"{""A"": {""Cr"": 0.2, ""Nb"": 0.2, ""Ta"": 0.2, ""Ti"": 0.2, ""V"": 0.2}, ""B"": {""S"": 0.5, ""Se"": 0.5}}",A,0.17502947380553902,Cr
510,"{""A"": {""Ce"": 0.2, ""Hf"": 0.2, ""Nd"": 0.2, ""Y"": 0.2, ""Zr"": 0.2}, ""B"": {""O"": 0.9, ""X"": 0.1}}",A,0.17456085717286463,Nd
370,"{""A"": {""Ti"": 0.25, ""V"": 0.25, ""W"": 0.25, ""Zr"": 0.25}, ""B"": {""Al"": 1.0}, ""C"": {""C"": 1.0}}",A,0.17445362434416378,W
547,"{""A"": {""Sr"": 1.0}, ""B"": {""Er"": 0.2, ""Eu"": 0.2, ""Ho"": 0.2, ""Tm"": 0.2, ""Yb"": 0.2}, ""C"": {""O"": 1.0}}",B,0.17421231642755963,Eu
508,"{""A"": {""Ce"": 0.2, ""Hf"": 0.2, ""Sm"": 0.2, ""Y"": 0.2, ""Zr"": 0.2}, ""B"": {""O"": 0.9, ""X"": 0.1}}",A,0.17418715160563603,Hf
640,"{""A"": {""Er"": 0.2, ""Ho"": 0.2, ""Lu"": 0.2, ""Tb"": 0.2, ""Yb"": 0.2}, ""B"": {""C"": 0.5, ""Si"": 0.5}, ""C"": {""O"": 1.0}}",A,0.17382188406511245,Lu
379,"{""A"": {""Cr"": 0.2, ""Mo"": 0.2, ""Ti"": 0.2, ""V"": 0.2, ""W"": 0.2}, ""B"": {""Al"": 1.0}, ""C"": {""C"": 1.0}}",A,0.17344383885474624,Ti
549,"{""A"": {""Dy"": 0.125, ""Er"": 0.125, ""Gd"": 0.125, ""Lu"": 0.125, ""Nd"": 0.125, ""Sm"": 0.125, ""Y"": 0.125, ""Yb"": 0.125}, ""B"": {""Ta"": 1.0}, ""C"": {""O"": 1.0}}",A,0.1731613993655815,Lu
520,"{""A"": {""Ce"": 0.2, ""Dy"": 0.2, ""Gd"": 0.2, ""Nd"": 0.2, ""Sm"": 0.2}, ""B"": {""O"": 1.0}}",A,0.17290329012063432,Ce
692,"{""A"": {""Li"": 1.0}, ""B"": {""Co"": 0.1667, ""Cr"": 0.1667, ""Cu"": 0.1667, ""Fe"": 0.1667, ""Mn"": 0.1667, ""Ni"": 0.1667}, ""C"": {""O"": 1.0}}",B,0.17286349715143423,Cu
603,"{""A"": {""Er"": 0.2, ""Lu"": 0.2, ""Sc"": 0.2, ""Y"": 0.2, ""Yb"": 0.2}, ""B"": {""Si"": 1.0}, ""C"": {""O"": 1.0}}",A,0.17283933673696816,Sc
552,"{""A"": {""Er"": 0.1667, ""Ho"": 0.1667, ""Lu"": 0.1667, ""Tm"": 0.1667, ""Y"": 0.1667, ""Yb"": 0.1667}, ""B"": {""Si"": 1.0}, ""C"": {""O"": 1.0}}",A,0.1724340045362609,Lu
545,"{""A"": {""Ce"": 0.2, ""Dy"": 0.2, ""Eu"": 0.2, ""Nd"": 0.2, ""Sm"": 0.2}, ""B"": {""Ta"": 1.0}, ""C"": {""O"": 1.0}}",A,0.17218013094131568,Ce
193,"{""A"": {""Hf"": 0.2, ""Nb"": 0.2, ""Ti"": 0.2, ""V"": 0.2, ""Zr"": 0.2}, ""B"": {""N"": 1.0}}",A,0.17190926574469612,V
120,"{""A"": {""Hf"": 0.2, ""Nb"": 0.2, ""Ti"": 0.2, ""V"": 0.2, ""Zr"": 0.2}, ""B"": {""Te"": 1.0}}",A,0.17190926574469612,V
211,"{""A"": {""Cr"": 0.2, ""Mo"": 0.2, ""Ta"": 0.2, ""V"": 0.2, ""W"": 0.2}, ""B"": {""C"": 0.325, ""N"": 0.325}}",A,0.17148849659669818,Cr
509,"{""A"": {""Ce"": 0.2, ""Hf"": 0.2, ""La"": 0.2, ""Y"": 0.2, ""Zr"": 0.2}, ""B"": {""O"": 0.9, ""X"": 0.1}}",A,0.17117402819936411,Hf
187,"{""A"": {""Co"": 0.1667, ""Cu"": 0.1667, ""Fe"": 0.1667, ""Mn"": 0.1667, ""Ni"": 0.1667, ""Zn"": 0.1667}, ""B"": {""F"": 1.0}}",A,0.17053278773038794,Zn
7,"{""A"": {""Hf"": 0.2, ""Mo"": 0.2, ""Nb"": 0.2, ""Ta"": 0.2, ""Ti"": 0.2}, ""B"": {""C"": 1.0}}",A,0.170026245276642,Hf
238,"{""A"": {""Hf"": 0.2, ""Mo"": 0.2, ""Nb"": 0.2, ""Ta"": 0.2, ""Ti"": 0.2}, ""B"": {""B"": 1.0}}",A,0.170026245276642,Hf
127,"{""A"": {""Co"": 0.2, ""Fe"": 0.2, ""Mn"": 0.2, ""Ni"": 0.2, ""V"": 0.2}, ""B"": {""P"": 1.0}, ""C"": {""S"": 1.0}}",A,0.16998787551198047,V
128,"{""A"": {""Co"": 0.2, ""Fe"": 0.2, ""Mn"": 0.2, ""Ni"": 0.2, ""V"": 0.2}, ""B"": {""Cl"": 1.0}}",A,0.16998787551198047,V
636,"{""A"": {""Er"": 0.25, ""Tm"": 0.25, ""Y"": 0.25, ""Yb"": 0.25}, ""B"": {""Si"": 1.0}, ""C"": {""O"": 1.0}}",A,0.1698468312417627,Y
388,"{""A"": {""Cr"": 0.1667, ""Mo"": 0.1667, ""Nb"": 0.1667, ""Ti"": 0.1667, ""V"": 0.1667, ""W"": 0.1667}, ""B"": {""Al"": 1.0}, ""C"": {""C"": 1.0}}",A,0.1693559726225471,Cr
608,"{""A"": {""Gd"": 0.2, ""Lu"": 0.2, ""Sc"": 0.2, ""Y"": 0.2, ""Yb"": 0.2}, ""B"": {""Si"": 1.0}, ""C"": {""O"": 1.0}}",A,0.16919626929986398,Sc
26,"{""A"": {""Ce"": 0.2, ""Hf"": 0.2, ""Y"": 0.2, ""Yb"": 0.2, ""Zr"": 0.2}, ""B"": {""O"": 0.875, ""X"": 0.125}}",A,0.1690562176080579,Yb
541,"{""A"": {""Ce"": 0.2, ""Hf"": 0.2, ""Y"": 0.2, ""Yb"": 0.2, ""Zr"": 0.2}, ""B"": {""O"": 1.0}}",A,0.1690562176080579,Yb
567,"{""A"": {""Dy"": 0.2, ""Er"": 0.2, ""Tm"": 0.2, ""Y"": 0.2, ""Yb"": 0.2}, ""B"": {""Si"": 1.0}, ""C"": {""O"": 1.0}}",A,0.1688320922971427,Y
368,"{""A"": {""Cr"": 0.25, ""Mo"": 0.25, ""Ti"": 0.25, ""W"": 0.25}, ""B"": {""Al"": 1.0}, ""C"": {""C"": 1.0}}",A,0.16867556966265318,Ti
586,"{""A"": {""Ce"": 0.2, ""Er"": 0.2, ""Gd"": 0.2, ""La"": 0.2, ""Sm"": 0.2}, ""B"": {""Zr"": 1.0}, ""C"": {""O"": 1.0}}",A,0.16755039447696352,Er
665,"{""A"": {""Ba"": 0.3333, ""Bi"": 0.3333, ""Na"": 0.3333}, ""B"": {""Fe"": 0.2222, ""Nb"": 0.2222, ""Ti"": 0.5556}, ""C"": {""O"": 1.0}}",A,0.16687451529693942,Na
243,"{""A"": {""Hf"": 0.2, ""Mo"": 0.2, ""Ti"": 0.2, ""W"": 0.2, ""Zr"": 0.2}, ""B"": {""B"": 1.0}}",A,0.16583026174788407,W
392,"{""A"": {""Mo"": 0.1667, ""Nb"": 0.1667, ""Ti"": 0.1667, ""V"": 0.1667, ""W"": 0.1667, ""Zr"": 0.1667}, ""B"": {""Al"": 1.0}, ""C"": {""C"": 1.0}}",A,0.16552042038840942,W
489,"{""A"": {""Ba"": 0.4, ""Ca"": 0.1, ""Pr"": 0.5}, ""B"": {""Co"": 0.2, ""Cu"": 0.2, ""Fe"": 0.2, ""Ni"": 0.2, ""Zn"": 0.2}, ""C"": {""O"": 1.0}}",B,0.16547599373657784,Zn
185,"{""A"": {""Co"": 0.2, ""Cu"": 0.2, ""Fe"": 0.2, ""Ni"": 0.2, ""Zn"": 0.2}, ""B"": {""F"": 1.0}}",A,0.16547599373657784,Zn
674,"{""A"": {""Mg"": 1.0}, ""B"": {""Co"": 0.2, ""Cu"": 0.2, ""Fe"": 0.2, ""Ni"": 0.2, ""Zn"": 0.2}, ""C"": {""O"": 1.0}}",B,0.16547599373657784,Zn
673,"{""A"": {""Co"": 0.25, ""Mg"": 0.25, ""Ni"": 0.25, ""Zn"": 0.25}, ""B"": {""Li"": 1.0}, ""C"": {""O"": 1.0}}",A,0.16496347982517368,Mg
132,"{""A"": {""Co"": 0.25, ""Mg"": 0.25, ""Ni"": 0.25, ""Zn"": 0.25}, ""B"": {""O"": 1.0}}",A,0.16496347982517368,Mg
225,"{""A"": {""Dy"": 0.2, ""Er"": 0.2, ""Ho"": 0.2, ""Y"": 0.2, ""Yb"": 0.2}, ""B"": {""Si"": 1.0}, ""C"": {""O"": 1.0}}",A,0.1649422525137737,Y
589,"{""A"": {""Dy"": 0.2, ""Er"": 0.2, ""Ho"": 0.2, ""Y"": 0.2, ""Yb"": 0.2}, ""B"": {""Nb"": 1.0}, ""C"": {""O"": 1.0}}",A,0.1649422525137737,Y
264,"{""A"": {""Ce"": 0.2, ""Er"": 0.2, ""Eu"": 0.2, ""Sm"": 0.2, ""Yb"": 0.2}, ""B"": {""B"": 1.0}}",A,0.16463628778964612,Ce
496,"{""A"": {""Ba"": 0.1667, ""Ca"": 0.1667, ""La"": 0.1667, ""Nd"": 0.1667, ""Pr"": 0.1667, ""Sr"": 0.1667}, ""B"": {""Fe"": 1.0}, ""C"": {""O"": 1.0}}",A,0.1643118363136078,Ca
507,"{""A"": {""Ba"": 0.1667, ""Ca"": 0.1667, ""La"": 0.1667, ""Nd"": 0.1667, ""Pr"": 0.1667, ""Sr"": 0.1667}, ""B"": {""Co"": 1.0}, ""C"": {""O"": 1.0}}",A,0.1643118363136078,Ca
373,"{""A"": {""Nb"": 0.25, ""Ti"": 0.25, ""V"": 0.25, ""W"": 0.25}, ""B"": {""Al"": 1.0}, ""C"": {""C"": 1.0}}",A,0.16378723886047586,W
471,"{""A"": {""Ba"": 0.2, ""La"": 0.2, ""Pr"": 0.2, ""Sm"": 0.2, ""Sr"": 0.2}, ""B"": {""Fe"": 1.0}, ""C"": {""O"": 1.0}}",A,0.16354230881298715,Ba
22,"{""A"": {""Hf"": 0.1667, ""Mo"": 0.1667, ""Nb"": 0.1667, ""Ta"": 0.1667, ""Ti"": 0.1667, ""Zr"": 0.1667}, ""B"": {""C"": 1.0}}",A,0.16335954803567065,Hf
399,"{""A"": {""Mo"": 0.1429, ""Nb"": 0.1429, ""Ta"": 0.1429, ""Ti"": 0.1429, ""V"": 0.1429, ""W"": 0.1429, ""Zr"": 0.1429}, ""B"": {""Al"": 1.0}, ""C"": {""C"": 1.0}}",A,0.16280247167635375,Zr
497,"{""A"": {""Ba"": 0.2, ""La"": 0.2, ""Nd"": 0.2, ""Pr"": 0.2, ""Sr"": 0.2}, ""B"": {""Co"": 0.2, ""Fe"": 0.8}, ""C"": {""O"": 1.0}}",A,0.16233356424404954,Ba
472,"{""A"": {""Ba"": 0.2, ""La"": 0.2, ""Nd"": 0.2, ""Pr"": 0.2, ""Sr"": 0.2}, ""B"": {""Fe"": 1.0}, ""C"": {""O"": 1.0}}",A,0.16233356424404954,Ba
500,"{""A"": {""Ba"": 0.2, ""La"": 0.2, ""Nd"": 0.2, ""Pr"": 0.2, ""Sr"": 0.2}, ""B"": {""Ni"": 1.0}, ""C"": {""O"": 1.0}}",A,0.16233356424404954,Ba
261,"{""A"": {""Cr"": 0.2, ""Mo"": 0.2, ""Nb"": 0.2, ""Ta"": 0.2, ""V"": 0.2}, ""B"": {""B"": 1.0}}",A,0.1622076270329399,Cr
218,"{""A"": {""Cr"": 0.2, ""Mo"": 0.2, ""Nb"": 0.2, ""Ta"": 0.2, ""V"": 0.2}, ""B"": {""Si"": 1.0}}",A,0.1622076270329399,Cr
374,"{""A"": {""Mo"": 0.25, ""Ti"": 0.25, ""V"": 0.25, ""W"": 0.25}, ""B"": {""Al"": 1.0}, ""C"": {""C"": 1.0}}",A,0.16180764301649642,Ti
559,"{""A"": {""Er"": 0.2, ""Gd"": 0.2, ""Ho"": 0.2, ""Lu"": 0.2, ""Yb"": 0.2}, ""B"": {""Si"": 1.0}, ""C"": {""O"": 1.0}}",A,0.1617386727842428,Lu
222,"{""A"": {""Er"": 0.25, ""Ho"": 0.25, ""Y"": 0.25, ""Yb"": 0.25}, ""B"": {""Si"": 1.0}, ""C"": {""O"": 1.0}}",A,0.1617111966719056,Y
587,"{""A"": {""Ce"": 0.2, ""Er"": 0.2, ""Gd"": 0.2, ""La"": 0.2, ""Tm"": 0.2}, ""B"": {""W"": 1.0}, ""C"": {""O"": 1.0}}",A,0.16166092373455843,Ce
618,"{""A"": {""Dy"": 0.2, ""Er"": 0.2, ""Ho"": 0.2, ""Nd"": 0.2, ""Y"": 0.2}, ""B"": {""Ta"": 1.0}, ""C"": {""O"": 1.0}}",A,0.16115197182395624,Y
366,"{""A"": {""Cr"": 0.25, ""Mo"": 0.25, ""Ti"": 0.25, ""V"": 0.25}, ""B"": {""Al"": 1.0}, ""C"": {""C"": 1.0}}",A,0.16081416618593602,Ti
634,"{""A"": {""Ce"": 0.2, ""Dy"": 0.2, ""Gd"": 0.2, ""Y"": 0.2, ""Yb"": 0.2}, ""B"": {""Ta"": 1.0}, ""C"": {""O"": 1.0}}",A,0.16078878154725684,Ce
666,"{""A"": {""Cr"": 0.2, ""Cu"": 0.2, ""Fe"": 0.2, ""Mn"": 0.2, ""Ni"": 0.2}, ""B"": {""O"": 1.0}}",A,0.16075078076391414,Cu
573,"{""A"": {""Er"": 0.1667, ""Eu"": 0.1667, ""Lu"": 0.1667, ""Sm"": 0.1667, ""Y"": 0.1667, ""Yb"": 0.1667}, ""B"": {""Nb"": 0.5, ""Ta"": 0.5}, ""C"": {""O"": 1.0}}",A,0.16051667270749503,Lu
610,"{""A"": {""Er"": 0.2, ""Gd"": 0.2, ""Tm"": 0.2, ""Y"": 0.2, ""Yb"": 0.2}, ""B"": {""Si"": 1.0}, ""C"": {""O"": 1.0}}",A,0.15933195297867309,Y
599,"{""A"": {""Er"": 0.2, ""Gd"": 0.2, ""Tm"": 0.2, ""Y"": 0.2, ""Yb"": 0.2}, ""B"": {""Hf"": 1.0}, ""C"": {""O"": 1.0}}",A,0.15933195297867309,Y
615,"{""A"": {""Er"": 0.2, ""Gd"": 0.2, ""Tm"": 0.2, ""Y"": 0.2, ""Yb"": 0.2}, ""B"": {""Zr"": 1.0}, ""C"": {""O"": 1.0}}",A,0.15933195297867309,Y
383,"{""A"": {""Mo"": 0.2, ""Nb"": 0.2, ""Ti"": 0.2, ""V"": 0.2, ""W"": 0.2}, ""B"": {""Al"": 1.0}, ""C"": {""C"": 1.0}}",A,0.15840117339503146,Ti
224,"{""A"": {""Er"": 0.2, ""Ho"": 0.2, ""Lu"": 0.2, ""Y"": 0.2, ""Yb"": 0.2}, ""B"": {""Si"": 1.0}, ""C"": {""O"": 1.0}}",A,0.15838628144826838,Lu
382,"{""A"": {""Mo"": 0.2, ""Ti"": 0.2, ""V"": 0.2, ""W"": 0.2, ""Zr"": 0.2}, ""B"": {""Al"": 1.0}, ""C"": {""C"": 1.0}}",A,0.15801164144976343,Zr
494,"{""A"": {""Ba"": 0.2, ""La"": 0.2, ""Nd"": 0.2, ""Sm"": 0.2, ""Sr"": 0.2}, ""B"": {""Co"": 0.2, ""Fe"": 0.8}, ""C"": {""O"": 1.0}}",A,0.15795761503858918,Ba
228,"{""A"": {""Dy"": 0.25, ""Er"": 0.25, ""Ho"": 0.25, ""Y"": 0.25}, ""B"": {""Si"": 1.0}, ""C"": {""O"": 1.0}}",A,0.1577876663251494,Y
385,"{""A"": {""Nb"": 0.2, ""Ta"": 0.2, ""Ti"": 0.2, ""V"": 0.2, ""W"": 0.2}, ""B"": {""Al"": 1.0}, ""C"": {""C"": 1.0}}",A,0.15753030944683444,W
3,"{""A"": {""Nb"": 0.2, ""Ta"": 0.2, ""Ti"": 0.2, ""V"": 0.2, ""W"": 0.2}, ""B"": {""C"": 1.0}}",A,0.15753030944683444,W
394,"{""A"": {""Mo"": 0.1667, ""Nb"": 0.1667, ""Ta"": 0.1667, ""Ti"": 0.1667, ""V"": 0.1667, ""W"": 0.1667}, ""B"": {""Al"": 1.0}, ""C"": {""C"": 1.0}}",A,0.1575216355669533,Ti
544,"{""A"": {""Ce"": 0.2, ""Gd"": 0.2, ""La"": 0.2, ""Nd"": 0.2, ""Tm"": 0.2}, ""B"": {""Hf"": 1.0}, ""C"": {""O"": 1.0}}",A,0.1572996771336589,Tm
575,"{""A"": {""Er"": 0.2, ""Eu"": 0.2, ""Lu"": 0.2, ""Y"": 0.2, ""Yb"": 0.2}, ""B"": {""O"": 1.0}}",A,0.15700154876221495,Eu
595,"{""A"": {""Er"": 0.2, ""Eu"": 0.2, ""Lu"": 0.2, ""Y"": 0.2, ""Yb"": 0.2}, ""B"": {""Al"": 1.0}, ""C"": {""O"": 1.0}}",A,0.15700154876221495,Eu
611,"{""A"": {""Er"": 0.25, ""Lu"": 0.25, ""Tm"": 0.25, ""Yb"": 0.25}, ""B"": {""Si"": 1.0}, ""C"": {""O"": 1.0}}",A,0.15698610453314887,Lu
386,"{""A"": {""Mo"": 0.2, ""Ta"": 0.2, ""Ti"": 0.2, ""V"": 0.2, ""W"": 0.2}, ""B"": {""Al"": 1.0}, ""C"": {""C"": 1.0}}",A,0.156828782238851,Ti
212,"{""A"": {""Mo"": 0.2, ""Nb"": 0.2, ""Ta"": 0.2, ""Ti"": 0.2, ""W"": 0.2}, ""B"": {""Si"": 1.0}}",A,0.15656226338901225,Ti
255,"{""A"": {""Mo"": 0.2, ""Nb"": 0.2, ""Ta"": 0.2, ""Ti"": 0.2, ""W"": 0.2}, ""B"": {""B"": 1.0}}",A,0.15656226338901225,Ti
283,"{""A"": {""Co"": 0.2, ""Cu"": 0.2, ""Fe"": 0.2, ""Mn"": 0.2, ""Ni"": 0.2}, ""B"": {""S"": 1.0}}",A,0.15644477172076798,Cu
463,"{""A"": {""Ba"": 0.5, ""Gd"": 0.5}, ""B"": {""Co"": 0.2, ""Cu"": 0.2, ""Fe"": 0.2, ""Mn"": 0.2, ""Ni"": 0.2}, ""C"": {""O"": 1.0}}",B,0.15644477172076798,Cu
502,"{""A"": {""La"": 0.6, ""Sr"": 0.4}, ""B"": {""Co"": 0.2, ""Cu"": 0.2, ""Fe"": 0.2, ""Mn"": 0.2, ""Ni"": 0.2}, ""C"": {""O"": 1.0}}",B,0.15644477172076798,Cu
359,"{""A"": {""Y"": 1.0}, ""B"": {""Co"": 0.2, ""Cu"": 0.2, ""Fe"": 0.2, ""Mn"": 0.2, ""Ni"": 0.2}, ""C"": {""O"": 1.0}}",B,0.15644477172076798,Cu
360,"{""A"": {""La"": 1.0}, ""B"": {""Co"": 0.2, ""Cu"": 0.2, ""Fe"": 0.2, ""Mn"": 0.2, ""Ni"": 0.2}, ""C"": {""O"": 1.0}}",B,0.15644477172076798,Cu
76,"{""A"": {""Co"": 0.2, ""Cu"": 0.2, ""Fe"": 0.2, ""Mn"": 0.2, ""Ni"": 0.2}, ""B"": {""O"": 1.0}}",A,0.15644477172076798,Cu
469,"{""A"": {""Ba"": 0.5, ""La"": 0.5}, ""B"": {""Co"": 0.2, ""Cu"": 0.2, ""Fe"": 0.2, ""Mn"": 0.2, ""Ni"": 0.2}, ""C"": {""O"": 1.0}}",B,0.15644477172076798,Cu
186,"{""A"": {""Co"": 0.2, ""Cu"": 0.2, ""Fe"": 0.2, ""Mn"": 0.2, ""Ni"": 0.2}, ""B"": {""F"": 1.0}}",A,0.15644477172076798,Cu
232,"{""A"": {""Dy"": 0.1667, ""Gd"": 0.1667, ""Lu"": 0.1667, ""Tb"": 0.1667, ""Tm"": 0.1667, ""Yb"": 0.1667}, ""B"": {""Si"": 1.0}, ""C"": {""O"": 1.0}}",A,0.15614559495796776,Lu
91,"{""A"": {""Dy"": 0.1429, ""Eu"": 0.1429, ""Gd"": 0.1429, ""Ho"": 0.1429, ""La"": 0.1429, ""Nd"": 0.1429, ""Sm"": 0.1429}, ""B"": {""Zr"": 1.0}, ""C"": {""O"": 1.0}}",A,0.15546915014019091,La
24,"{""A"": {""Ce"": 0.25, ""Hf"": 0.25, ""Y"": 0.25, ""Zr"": 0.25}, ""B"": {""O"": 0.875, ""X"": 0.125}}",A,0.15516923086219703,Ce
527,"{""A"": {""Ce"": 0.25, ""Hf"": 0.25, ""Y"": 0.25, ""Zr"": 0.25}, ""B"": {""O"": 1.0}}",A,0.15516923086219703,Ce
265,"{""A"": {""Ce"": 0.2, ""Er"": 0.2, ""Eu"": 0.2, ""Y"": 0.2, ""Yb"": 0.2}, ""B"": {""B"": 1.0}}",A,0.15438635576677717,Ce
277,"{""A"": {""Co"": 0.2, ""Cr"": 0.2, ""Cu"": 0.2, ""Fe"": 0.2, ""Ni"": 0.2}, ""B"": {""S"": 1.0}}",A,0.15339677112394812,Cu
236,"{""A"": {""Hf"": 0.2, ""Mo"": 0.2, ""Ta"": 0.2, ""Ti"": 0.2, ""Zr"": 0.2}, ""B"": {""B"": 1.0}}",A,0.15327002386594424,Mo
499,"{""A"": {""Ba"": 0.2, ""La"": 0.2, ""Pr"": 0.2, ""Sr"": 0.2, ""Y"": 0.2}, ""B"": {""Co"": 0.2, ""Fe"": 0.8}, ""C"": {""O"": 1.0}}",A,0.15315306304756127,Ba
530,"{""A"": {""Er"": 0.2, ""Gd"": 0.2, ""La"": 0.2, ""Nd"": 0.2, ""Yb"": 0.2}, ""B"": {""Ce"": 1.0}, ""C"": {""O"": 1.0}}",A,0.15303389303083426,La
267,"{""A"": {""Eu"": 0.2, ""Nd"": 0.2, ""Sm"": 0.2, ""Y"": 0.2, ""Yb"": 0.2}, ""B"": {""B"": 1.0}}",A,0.1526094447388412,Y
571,"{""A"": {""Eu"": 0.2, ""Nd"": 0.2, ""Sm"": 0.2, ""Y"": 0.2, ""Yb"": 0.2}, ""B"": {""Al"": 1.0}, ""C"": {""O"": 1.0}}",A,0.1526094447388412,Y
57,"{""A"": {""Er"": 0.2, ""Eu"": 0.2, ""Nd"": 0.2, ""Sm"": 0.2, ""Y"": 0.2}, ""B"": {""Al"": 1.0}, ""C"": {""O"": 1.0}}",A,0.15169317067391985,Y
136,"{""A"": {""Cu"": 0.25, ""Mg"": 0.25, ""Ni"": 0.25, ""Zn"": 0.25}, ""B"": {""O"": 1.0}}",A,0.1514289588993034,Mg
540,"{""A"": {""Ce"": 0.2, ""Eu"": 0.2, ""Nd"": 0.2, ""Sm"": 0.2, ""Yb"": 0.2}, ""B"": {""Zr"": 1.0}, ""C"": {""O"": 1.0}}",A,0.15125658009729726,Ce
577,"{""A"": {""Dy"": 0.2, ""Er"": 0.2, ""Lu"": 0.2, ""Y"": 0.2, ""Yb"": 0.2}, ""B"": {""Al"": 1.0}, ""C"": {""O"": 1.0}}",A,0.15125109607172005,Lu
553,"{""A"": {""Dy"": 0.2, ""Er"": 0.2, ""Lu"": 0.2, ""Y"": 0.2, ""Yb"": 0.2}, ""B"": {""Si"": 1.0}, ""C"": {""O"": 1.0}}",A,0.15125109607172005,Lu
237,"{""A"": {""Hf"": 0.2, ""Mo"": 0.2, ""Nb"": 0.2, ""Ti"": 0.2, ""Zr"": 0.2}, ""B"": {""B"": 1.0}}",A,0.15114506548377837,Mo
263,"{""A"": {""Ce"": 0.2, ""Er"": 0.2, ""Sm"": 0.2, ""Y"": 0.2, ""Yb"": 0.2}, ""B"": {""B"": 1.0}}",A,0.1508879534211225,Ce
376,"{""A"": {""Ta"": 0.25, ""Ti"": 0.25, ""V"": 0.25, ""W"": 0.25}, ""B"": {""Al"": 1.0}, ""C"": {""C"": 1.0}}",A,0.15086287042809532,V
539,"{""A"": {""Er"": 0.2, ""Gd"": 0.2, ""La"": 0.2, ""Nd"": 0.2, ""Sm"": 0.2}, ""B"": {""Zr"": 1.0}, ""C"": {""O"": 1.0}}",A,0.1508072851781802,Er
339,"{""A"": {""Ba"": 0.25, ""Ca"": 0.25, ""La"": 0.25, ""Sr"": 0.25}, ""B"": {""Ti"": 1.0}, ""C"": {""O"": 1.0}}",A,0.1501949339764882,La
365,"{""A"": {""Er"": 0.2, ""Eu"": 0.2, ""Sm"": 0.2, ""Y"": 0.2, ""Yb"": 0.2}, ""B"": {""Zr"": 1.0}, ""C"": {""O"": 1.0}}",A,0.15006996364822411,Y
600,"{""A"": {""Er"": 0.2, ""Eu"": 0.2, ""Sm"": 0.2, ""Y"": 0.2, ""Yb"": 0.2}, ""B"": {""Si"": 1.0}, ""C"": {""O"": 1.0}}",A,0.15006996364822411,Y
131,"{""A"": {""Co"": 0.2, ""Cr"": 0.2, ""Fe"": 0.2, ""Mn"": 0.2, ""V"": 0.2}, ""B"": {""I"": 1.0}}",A,0.14987949329331662,V
607,"{""A"": {""Er"": 0.2, ""Lu"": 0.2, ""Sm"": 0.2, ""Y"": 0.2, ""Yb"": 0.2}, ""B"": {""Si"": 1.0}, ""C"": {""O"": 1.0}}",A,0.1497866656587581,Lu
574,"{""A"": {""Er"": 0.2, ""Lu"": 0.2, ""Sm"": 0.2, ""Y"": 0.2, ""Yb"": 0.2}, ""B"": {""O"": 1.0}}",A,0.1497866656587581,Lu
215,"{""A"": {""Hf"": 0.25, ""Nb"": 0.25, ""Ta"": 0.25, ""Ti"": 0.25}, ""B"": {""Si"": 1.0}}",A,0.14932001610442003,Hf
242,"{""A"": {""Hf"": 0.25, ""Nb"": 0.25, ""Ta"": 0.25, ""Ti"": 0.25}, ""B"": {""B"": 1.0}}",A,0.14932001610442003,Hf
233,"{""A"": {""Er"": 0.25, ""Sc"": 0.25, ""Y"": 0.25, ""Yb"": 0.25}, ""B"": {""Si"": 1.0}, ""C"": {""O"": 1.0}}",A,0.1488616456729459,Sc
555,"{""A"": {""Eu"": 0.25, ""Ho"": 0.25, ""Lu"": 0.25, ""Yb"": 0.25}, ""B"": {""Si"": 1.0}, ""C"": {""O"": 1.0}}",A,0.1486807068437126,Eu
256,"{""A"": {""Hf"": 0.2, ""Mo"": 0.2, ""Nb"": 0.2, ""Ta"": 0.2, ""Zr"": 0.2}, ""B"": {""B"": 1.0}}",A,0.1486416679575785,Hf
602,"{""A"": {""Dy"": 0.1667, ""Er"": 0.1667, ""Gd"": 0.1667, ""Sm"": 0.1667, ""Y"": 0.1667, ""Yb"": 0.1667}, ""B"": {""Ta"": 1.0}, ""C"": {""O"": 1.0}}",A,0.14855132326570397,Y
677,"{""A"": {""Ce"": 0.2, ""Dy"": 0.2, ""La"": 0.2, ""Nd"": 0.2, ""Y"": 0.2}, ""B"": {""Sn"": 1.0}, ""C"": {""O"": 1.0}}",A,0.14854499726590642,Dy
272,"{""A"": {""La"": 0.2, ""Nd"": 0.2, ""Sm"": 0.2, ""Tb"": 0.2, ""Y"": 0.2}, ""B"": {""B"": 1.0}}",A,0.1484069006701082,Tb
213,"{""A"": {""Mo"": 0.2, ""Nb"": 0.2, ""Ti"": 0.2, ""W"": 0.2, ""Zr"": 0.2}, ""B"": {""Si"": 1.0}}",A,0.14823255951737468,W
6,"{""A"": {""Mo"": 0.2, ""Nb"": 0.2, ""Ta"": 0.2, ""V"": 0.2, ""W"": 0.2}, ""B"": {""C"": 1.0}}",A,0.14817128539598357,V
281,"{""A"": {""Mo"": 0.2, ""Nb"": 0.2, ""Ta"": 0.2, ""V"": 0.2, ""W"": 0.2}, ""B"": {""S"": 1.0}}",A,0.14817128539598357,V
114,"{""A"": {""Ce"": 0.1429, ""Eu"": 0.1429, ""Gd"": 0.1429, ""La"": 0.1429, ""Nd"": 0.1429, ""Pr"": 0.1429, ""Sm"": 0.1429}, ""B"": {""Hf"": 0.3333, ""Sn"": 0.3333, ""Zr"": 0.3333}, ""C"": {""O"": 1.0}}",A,0.14805381412868257,Eu
584,"{""A"": {""Ce"": 0.1429, ""Eu"": 0.1429, ""Gd"": 0.1429, ""La"": 0.1429, ""Nd"": 0.1429, ""Pr"": 0.1429, ""Sm"": 0.1429}, ""B"": {""P"": 1.0}, ""C"": {""O"": 1.0}}",A,0.14805381412868257,Eu
113,"{""A"": {""Ce"": 0.1429, ""Eu"": 0.1429, ""Gd"": 0.1429, ""La"": 0.1429, ""Nd"": 0.1429, ""Pr"": 0.1429, ""Sm"": 0.1429}, ""B"": {""Hf"": 0.5, ""Zr"": 0.5}, ""C"": {""O"": 1.0}}",A,0.14805381412868257,Eu
15,"{""A"": {""Hf"": 0.25, ""Mo"": 0.25, ""Ta"": 0.25, ""Ti"": 0.25}, ""B"": {""C"": 1.0}}",A,0.14788549719562383,Hf
130,"{""A"": {""Co"": 0.25, ""Fe"": 0.25, ""Mn"": 0.25, ""V"": 0.25}, ""B"": {""Cl"": 1.0}}",A,0.14788070477857385,V
235,"{""A"": {""Hf"": 0.2, ""Nb"": 0.2, ""Ta"": 0.2, ""Ti"": 0.2, ""Zr"": 0.2}, ""B"": {""B"": 1.0}}",A,0.14782891432238499,Hf
348,"{""A"": {""Hf"": 0.2, ""Nb"": 0.2, ""Ta"": 0.2, ""Ti"": 0.2, ""Zr"": 0.2}, ""B"": {""C"": 0.8, ""N"": 0.2}}",A,0.14782891432238499,Hf
201,"{""A"": {""Hf"": 0.2, ""Nb"": 0.2, ""Ta"": 0.2, ""Ti"": 0.2, ""Zr"": 0.2}, ""B"": {""N"": 0.88}}",A,0.14782891432238499,Hf
192,"{""A"": {""Hf"": 0.2, ""Nb"": 0.2, ""Ta"": 0.2, ""Ti"": 0.2, ""Zr"": 0.2}, ""B"": {""C"": 0.5, ""N"": 0.5}}",A,0.14782891432238499,Hf
189,"{""A"": {""Hf"": 0.2, ""Nb"": 0.2, ""Ta"": 0.2, ""Ti"": 0.2, ""Zr"": 0.2}, ""B"": {""N"": 1.0}}",A,0.14782891432238499,Hf
353,"{""A"": {""Hf"": 0.2, ""Nb"": 0.2, ""Ta"": 0.2, ""Ti"": 0.2, ""Zr"": 0.2}, ""B"": {""C"": 0.95}}",A,0.14782891432238499,Hf
1,"{""A"": {""Hf"": 0.2, ""Nb"": 0.2, ""Ta"": 0.2, ""Ti"": 0.2, ""Zr"": 0.2}, ""B"": {""C"": 1.0}}",A,0.14782891432238499,Hf
206,"{""A"": {""Hf"": 0.2, ""Nb"": 0.2, ""Ta"": 0.2, ""Ti"": 0.2, ""Zr"": 0.2}, ""B"": {""C"": 0.455, ""N"": 0.455}}",A,0.14782891432238499,Hf
361,"{""A"": {""Ca"": 0.4, ""Gd"": 0.3, ""La"": 0.3}, ""B"": {""Hf"": 0.2, ""Nb"": 0.2, ""Ta"": 0.2, ""Ti"": 0.2, ""Zr"": 0.2}, ""C"": {""O"": 1.0}}",B,0.14782891432238499,Hf
273,"{""A"": {""La"": 0.2, ""Nd"": 0.2, ""Pr"": 0.2, ""Sm"": 0.2, ""Tb"": 0.2}, ""B"": {""B"": 1.0}}",A,0.1475454974837067,Tb
581,"{""A"": {""La"": 0.2, ""Lu"": 0.2, ""Nd"": 0.2, ""Pr"": 0.2, ""Yb"": 0.2}, ""B"": {""Gd"": 0.5, ""Ta"": 0.5}, ""C"": {""O"": 1.0}}",A,0.14718298484161607,Lu
542,"{""A"": {""Ce"": 0.2, ""Dy"": 0.2, ""Gd"": 0.2, ""La"": 0.2, ""Nd"": 0.2}, ""B"": {""Hf"": 1.0}, ""C"": {""O"": 1.0}}",A,0.146653131837436,Ce
92,"{""A"": {""Eu"": 0.2, ""Gd"": 0.2, ""Nd"": 0.2, ""Sm"": 0.2, ""Y"": 0.2}, ""B"": {""Zr"": 1.0}, ""C"": {""O"": 1.0}}",A,0.14611974082328139,Y
42,"{""A"": {""Ce"": 0.2, ""Gd"": 0.2, ""La"": 0.2, ""Nd"": 0.2, ""Pr"": 0.2}, ""B"": {""O"": 0.875, ""X"": 0.125}}",A,0.14598176195126933,Gd
588,"{""A"": {""Dy"": 0.2, ""Lu"": 0.2, ""Sm"": 0.2, ""Y"": 0.2, ""Yb"": 0.2}, ""B"": {""Ta"": 1.0}, ""C"": {""O"": 1.0}}",A,0.14586664347579825,Lu
351,"{""A"": {""Cr"": 0.25, ""Nb"": 0.25, ""Ti"": 0.25, ""V"": 0.25}, ""B"": {""N"": 0.825}}",A,0.14501511837314218,Cr
90,"{""A"": {""Dy"": 0.1667, ""Eu"": 0.1667, ""Gd"": 0.1667, ""La"": 0.1667, ""Nd"": 0.1667, ""Sm"": 0.1667}, ""B"": {""Zr"": 1.0}, ""C"": {""O"": 1.0}}",A,0.14426312171984723,La
628,"{""A"": {""Dy"": 0.1667, ""Eu"": 0.1667, ""Gd"": 0.1667, ""La"": 0.1667, ""Nd"": 0.1667, ""Sm"": 0.1667}, ""B"": {""Ta"": 1.0}, ""C"": {""O"": 1.0}}",A,0.14426312171984723,La
260,"{""A"": {""Gd"": 0.2, ""Nd"": 0.2, ""Sm"": 0.2, ""Tb"": 0.2, ""Y"": 0.2}, ""B"": {""B"": 1.0}}",A,0.1441087465919887,Y
638,"{""A"": {""Ce"": 0.2, ""Dy"": 0.2, ""Gd"": 0.2, ""La"": 0.2, ""Y"": 0.2}, ""B"": {""Ta"": 1.0}, ""C"": {""O"": 1.0}}",A,0.14311587133316916,Dy
641,"{""A"": {""Er"": 0.25, ""Lu"": 0.25, ""Tm"": 0.25, ""Y"": 0.25}, ""B"": {""Si"": 1.0}, ""C"": {""O"": 1.0}}",A,0.14282873116308648,Y
627,"{""A"": {""Ce"": 0.2, ""Eu"": 0.2, ""La"": 0.2, ""Pr"": 0.2, ""Sm"": 0.2}, ""B"": {""Hf"": 1.0}, ""C"": {""O"": 1.0}}",A,0.14276677800362958,Eu
354,"{""A"": {""Er"": 0.2, ""Gd"": 0.2, ""La"": 0.2, ""Sm"": 0.2, ""Yb"": 0.2}, ""B"": {""Zr"": 1.0}, ""C"": {""O"": 1.0}}",A,0.14222837493755258,La
543,"{""A"": {""Ce"": 0.2, ""Gd"": 0.2, ""Ho"": 0.2, ""La"": 0.2, ""Nd"": 0.2}, ""B"": {""Hf"": 1.0}, ""C"": {""O"": 1.0}}",A,0.14196337851115426,Ho
355,"{""A"": {""Eu"": 0.2, ""La"": 0.2, ""Nd"": 0.2, ""Pr"": 0.2, ""Sm"": 0.2}, ""B"": {""Zr"": 1.0}, ""C"": {""O"": 1.0}}",A,0.1415928593523511,Eu
486,"{""A"": {""Eu"": 0.2, ""La"": 0.2, ""Nd"": 0.2, ""Pr"": 0.2, ""Sm"": 0.2}, ""B"": {""Cu"": 1.0}, ""C"": {""O"": 1.0}}",A,0.1415928593523511,Eu
362,"{""A"": {""Eu"": 0.2, ""La"": 0.2, ""Nd"": 0.2, ""Pr"": 0.2, ""Sm"": 0.2}, ""B"": {""Al"": 0.6, ""Co"": 0.4}, ""C"": {""O"": 1.0}}",A,0.1415928593523511,Eu
56,"{""A"": {""Eu"": 0.2, ""La"": 0.2, ""Nd"": 0.2, ""Pr"": 0.2, ""Sm"": 0.2}, ""B"": {""Ni"": 1.0}, ""C"": {""O"": 1.0}}",A,0.1415928593523511,Eu
570,"{""A"": {""Ce"": 0.2, ""Gd"": 0.2, ""La"": 0.2, ""Nd"": 0.2, ""Y"": 0.2}, ""B"": {""Ta"": 1.0}, ""C"": {""O"": 1.0}}",A,0.1415838385128616,Nd
519,"{""A"": {""Er"": 0.2, ""Gd"": 0.2, ""Nd"": 0.2, ""Y"": 0.2, ""Yb"": 0.2}, ""B"": {""Zr"": 1.0}, ""C"": {""O"": 1.0}}",A,0.1414948014186993,Y
227,"{""A"": {""Dy"": 0.2, ""Er"": 0.2, ""Gd"": 0.2, ""Y"": 0.2, ""Yb"": 0.2}, ""B"": {""Si"": 1.0}, ""C"": {""O"": 1.0}}",A,0.14129504589198294,Y
596,"{""A"": {""Dy"": 0.2, ""Er"": 0.2, ""Gd"": 0.2, ""Y"": 0.2, ""Yb"": 0.2}, ""B"": {""Hf"": 1.0}, ""C"": {""O"": 1.0}}",A,0.14129504589198294,Y
533,"{""A"": {""Dy"": 0.2, ""Er"": 0.2, ""Gd"": 0.2, ""Y"": 0.2, ""Yb"": 0.2}, ""B"": {""Ce"": 1.0}, ""C"": {""O"": 1.0}}",A,0.14129504589198294,Y
184,"{""A"": {""Cu"": 0.25, ""Fe"": 0.25, ""Ni"": 0.25, ""Zn"": 0.25}, ""B"": {""F"": 1.0}}",A,0.1411811848264165,Fe
546,"{""A"": {""Gd"": 0.2, ""Ho"": 0.2, ""La"": 0.2, ""Nd"": 0.2, ""Y"": 0.2}, ""B"": {""Ce"": 0.25, ""Zr"": 0.75}, ""C"": {""O"": 1.0}}",A,0.14068518252542161,Nd
371,"{""A"": {""Mo"": 0.25, ""Nb"": 0.25, ""Ti"": 0.25, ""V"": 0.25}, ""B"": {""Al"": 1.0}, ""C"": {""C"": 1.0}}",A,0.13946066867850926,Ti
268,"{""A"": {""Gd"": 0.2, ""Nd"": 0.2, ""Sm"": 0.2, ""Y"": 0.2, ""Yb"": 0.2}, ""B"": {""B"": 1.0}}",A,0.13869817012852137,Y
605,"{""A"": {""Gd"": 0.2, ""Nd"": 0.2, ""Sm"": 0.2, ""Y"": 0.2, ""Yb"": 0.2}, ""B"": {""Nb"": 0.5, ""Ta"": 0.5}, ""C"": {""O"": 1.0}}",A,0.13869817012852137,Y
532,"{""A"": {""Er"": 0.2, ""Gd"": 0.2, ""La"": 0.2, ""Y"": 0.2, ""Yb"": 0.2}, ""B"": {""Ce"": 1.0}, ""C"": {""O"": 1.0}}",A,0.13864060148162993,La
535,"{""A"": {""Sr"": 1.0}, ""B"": {""Dy"": 0.2, ""Gd"": 0.2, ""Sm"": 0.2, ""Y"": 0.2, ""Yb"": 0.2}, ""C"": {""O"": 1.0}}",B,0.13829260898394236,Y
94,"{""A"": {""Eu"": 0.2, ""Gd"": 0.2, ""La"": 0.2, ""Nd"": 0.2, ""Y"": 0.2}, ""B"": {""Zr"": 1.0}, ""C"": {""O"": 1.0}}",A,0.13826844431552465,Nd
96,"{""A"": {""Eu"": 0.2, ""La"": 0.2, ""Nd"": 0.2, ""Sm"": 0.2, ""Y"": 0.2}, ""B"": {""Zr"": 1.0}, ""C"": {""O"": 1.0}}",A,0.1374301529066112,Y
526,"{""A"": {""Eu"": 0.2, ""La"": 0.2, ""Nd"": 0.2, ""Sm"": 0.2, ""Y"": 0.2}, ""B"": {""Ce"": 1.0}, ""C"": {""O"": 1.0}}",A,0.1374301529066112,Y
612,"{""A"": {""Ce"": 0.2, ""Eu"": 0.2, ""La"": 0.2, ""Nd"": 0.2, ""Sm"": 0.2}, ""B"": {""Ce"": 1.0}, ""C"": {""O"": 1.0}}",A,0.13695637782202708,Eu
578,"{""A"": {""Ce"": 0.2, ""Eu"": 0.2, ""La"": 0.2, ""Nd"": 0.2, ""Sm"": 0.2}, ""B"": {""P"": 1.0}, ""C"": {""O"": 1.0}}",A,0.13695637782202708,Eu
97,"{""A"": {""Ce"": 0.2, ""Eu"": 0.2, ""La"": 0.2, ""Nd"": 0.2, ""Sm"": 0.2}, ""B"": {""Zr"": 1.0}, ""C"": {""O"": 1.0}}",A,0.13695637782202708,Eu
624,"{""A"": {""Ce"": 0.2, ""Eu"": 0.2, ""Gd"": 0.2, ""La"": 0.2, ""Sm"": 0.2}, ""B"": {""Ce"": 1.0}, ""C"": {""O"": 1.0}}",A,0.13656117281873037,Ce
630,"{""A"": {""Ce"": 0.2, ""Eu"": 0.2, ""Gd"": 0.2, ""La"": 0.2, ""Sm"": 0.2}, ""B"": {""P"": 1.0}, ""C"": {""O"": 1.0}}",A,0.13656117281873037,Ce
40,"{""A"": {""Ce"": 0.2, ""Gd"": 0.2, ""Nd"": 0.2, ""Pr"": 0.2, ""Sm"": 0.2}, ""B"": {""O"": 0.875, ""X"": 0.125}}",A,0.13654791436585922,Gd
266,"{""A"": {""Ce"": 0.2, ""Eu"": 0.2, ""Sm"": 0.2, ""Y"": 0.2, ""Yb"": 0.2}, ""B"": {""B"": 1.0}}",A,0.13527770866161315,Ce
372,"{""A"": {""Nb"": 0.25, ""Ta"": 0.25, ""Ti"": 0.25, ""V"": 0.25}, ""B"": {""Al"": 1.0}, ""C"": {""C"": 1.0}}",A,0.13499191211590567,V
269,"{""A"": {""Dy"": 0.2, ""La"": 0.2, ""Pr"": 0.2, ""Y"": 0.2, ""Yb"": 0.2}, ""B"": {""B"": 1.0}}",A,0.13417969410150432,Dy
512,"{""A"": {""Er"": 0.2, ""Gd"": 0.2, ""Lu"": 0.2, ""Y"": 0.2, ""Yb"": 0.2}, ""B"": {""Zr"": 1.0}, ""C"": {""O"": 1.0}}",A,0.13390815860984817,Lu
226,"{""A"": {""Er"": 0.2, ""Gd"": 0.2, ""Lu"": 0.2, ""Y"": 0.2, ""Yb"": 0.2}, ""B"": {""Si"": 1.0}, ""C"": {""O"": 1.0}}",A,0.13390815860984817,Lu
579,"{""A"": {""Er"": 0.3333, ""Y"": 0.3333, ""Yb"": 0.3333}, ""B"": {""Ta"": 1.0}, ""C"": {""O"": 1.0}}",A,0.13373796808075222,Y
550,"{""A"": {""Er"": 0.3333, ""Y"": 0.3333, ""Yb"": 0.3333}, ""B"": {""Nb"": 0.5, ""Ta"": 0.5}, ""C"": {""O"": 1.0}}",A,0.13373796808075222,Y
576,"{""A"": {""Gd"": 0.2, ""La"": 0.2, ""Sm"": 0.2, ""Y"": 0.2, ""Yb"": 0.2}, ""B"": {""Al"": 1.0}, ""C"": {""O"": 1.0}}",A,0.1337363492227418,Yb
352,"{""A"": {""La"": 0.2, ""Lu"": 0.2, ""Nd"": 0.2, ""Y"": 0.2, ""Yb"": 0.2}, ""B"": {""Zr"": 1.0}, ""C"": {""O"": 1.0}}",A,0.13372099620128608,La
101,"{""A"": {""Eu"": 0.5, ""Gd"": 0.5}, ""B"": {""Hf"": 0.3333, ""Ti"": 0.3333, ""Zr"": 0.3333}, ""C"": {""O"": 1.0}}",B,0.1331517297425231,Ti
68,"{""A"": {""Ba"": 0.5, ""Sr"": 0.5}, ""B"": {""Hf"": 0.3333, ""Ti"": 0.3333, ""Zr"": 0.3333}, ""C"": {""O"": 1.0}}",B,0.1331517297425231,Ti
100,"{""A"": {""Gd"": 0.5, ""Sm"": 0.5}, ""B"": {""Hf"": 0.3333, ""Ti"": 0.3333, ""Zr"": 0.3333}, ""C"": {""O"": 1.0}}",B,0.1331517297425231,Ti
349,"{""A"": {""Hf"": 0.3333, ""Ti"": 0.3333, ""Zr"": 0.3333}, ""B"": {""C"": 0.5, ""N"": 0.5}}",A,0.1331517297425231,Ti
239,"{""A"": {""Mo"": 0.2, ""Nb"": 0.2, ""Ta"": 0.2, ""Ti"": 0.2, ""Zr"": 0.2}, ""B"": {""B"": 1.0}}",A,0.13309736371427983,Mo
14,"{""A"": {""Mo"": 0.2, ""Nb"": 0.2, ""Ta"": 0.2, ""Ti"": 0.2, ""Zr"": 0.2}, ""B"": {""C"": 1.0}}",A,0.13309736371427983,Mo
524,"{""A"": {""Dy"": 0.2, ""Eu"": 0.2, ""Gd"": 0.2, ""Ho"": 0.2, ""Sm"": 0.2}, ""B"": {""Al"": 0.5, ""Sr"": 0.5}, ""C"": {""O"": 1.0}}",A,0.1330643599866591,Eu
369,"{""A"": {""Mo"": 0.25, ""Ti"": 0.25, ""V"": 0.25, ""Zr"": 0.25}, ""B"": {""Al"": 1.0}, ""C"": {""C"": 1.0}}",A,0.13277058976188838,Zr
531,"{""A"": {""Er"": 0.2, ""La"": 0.2, ""Sm"": 0.2, ""Y"": 0.2, ""Yb"": 0.2}, ""B"": {""Ce"": 1.0}, ""C"": {""O"": 1.0}}",A,0.13219521816242352,Er
561,"{""A"": {""Er"": 0.25, ""Lu"": 0.25, ""Y"": 0.25, ""Yb"": 0.25}, ""B"": {""Si"": 1.0}, ""C"": {""O"": 1.0}}",A,0.13189663847714428,Y
562,"{""A"": {""Er"": 0.25, ""Lu"": 0.25, ""Y"": 0.25, ""Yb"": 0.25}, ""B"": {""Si"": 1.0}, ""C"": {""O"": 1.0}}",A,0.13189663847714428,Y
8,"{""A"": {""Nb"": 0.25, ""Ti"": 0.25, ""V"": 0.25, ""Zr"": 0.25}, ""B"": {""C"": 1.0}}",A,0.13098718708477042,V
536,"{""A"": {""Eu"": 0.2, ""Gd"": 0.2, ""La"": 0.2, ""Sm"": 0.2, ""Y"": 0.2}, ""B"": {""Ce"": 0.5, ""Zr"": 0.5}, ""C"": {""O"": 1.0}}",A,0.13097692165084673,Eu
93,"{""A"": {""Eu"": 0.2, ""Gd"": 0.2, ""La"": 0.2, ""Sm"": 0.2, ""Y"": 0.2}, ""B"": {""Zr"": 1.0}, ""C"": {""O"": 1.0}}",A,0.13097692165084673,Eu
569,"{""A"": {""Dy"": 0.2, ""Eu"": 0.2, ""Gd"": 0.2, ""Nd"": 0.2, ""Sm"": 0.2}, ""B"": {""Ta"": 1.0}, ""C"": {""O"": 1.0}}",A,0.1307616145224183,Nd
626,"{""A"": {""Dy"": 0.2, ""Eu"": 0.2, ""Gd"": 0.2, ""Nd"": 0.2, ""Sm"": 0.2}, ""B"": {""Ce"": 1.0}, ""C"": {""O"": 1.0}}",A,0.1307616145224183,Nd
491,"{""A"": {""Gd"": 0.2, ""La"": 0.2, ""Nd"": 0.2, ""Pr"": 0.2, ""Sm"": 0.2}, ""B"": {""Ba"": 0.5, ""Co"": 0.5}, ""C"": {""O"": 1.0}}",A,0.13064846281331177,Gd
488,"{""A"": {""Gd"": 0.2, ""La"": 0.2, ""Nd"": 0.2, ""Pr"": 0.2, ""Sm"": 0.2}, ""B"": {""Cu"": 1.0}, ""C"": {""O"": 1.0}}",A,0.13064846281331177,Gd
117,"{""A"": {""Hf"": 0.25, ""Nb"": 0.25, ""Ti"": 0.25, ""Zr"": 0.25}, ""B"": {""Se"": 1.0}}",A,0.1306404151795606,Hf
191,"{""A"": {""Hf"": 0.25, ""Nb"": 0.25, ""Ti"": 0.25, ""Zr"": 0.25}, ""B"": {""C"": 0.5, ""N"": 0.5}}",A,0.1306404151795606,Hf
580,"{""A"": {""Dy"": 0.2, ""Gd"": 0.2, ""Lu"": 0.2, ""Y"": 0.2, ""Yb"": 0.2}, ""B"": {""Gd"": 0.5, ""Ta"": 0.5}, ""C"": {""O"": 1.0}}",A,0.13011928523242666,Dy
250,"{""A"": {""Hf"": 0.25, ""Ta"": 0.25, ""Ti"": 0.25, ""Zr"": 0.25}, ""B"": {""B"": 1.0}}",A,0.12973575756839195,Ti
23,"{""A"": {""Ce"": 0.2, ""La"": 0.2, ""Pr"": 0.2, ""Sm"": 0.2, ""Y"": 0.2}, ""B"": {""O"": 0.875, ""X"": 0.125}}",A,0.12880957428716733,Y
46,"{""A"": {""Gd"": 0.2, ""La"": 0.2, ""Nd"": 0.2, ""Sm"": 0.2, ""Y"": 0.2}, ""B"": {""Fe"": 1.0}, ""C"": {""O"": 1.0}}",A,0.12857225681481865,Nd
529,"{""A"": {""Gd"": 0.2, ""La"": 0.2, ""Nd"": 0.2, ""Sm"": 0.2, ""Y"": 0.2}, ""B"": {""Ce"": 1.0}, ""C"": {""O"": 1.0}}",A,0.12857225681481865,Nd
44,"{""A"": {""Gd"": 0.2, ""La"": 0.2, ""Nd"": 0.2, ""Sm"": 0.2, ""Y"": 0.2}, ""B"": {""Co"": 1.0}, ""C"": {""O"": 1.0}}",A,0.12857225681481865,Nd
45,"{""A"": {""Gd"": 0.2, ""La"": 0.2, ""Nd"": 0.2, ""Sm"": 0.2, ""Y"": 0.2}, ""B"": {""Cr"": 1.0}, ""C"": {""O"": 1.0}}",A,0.12857225681481865,Nd
47,"{""A"": {""Gd"": 0.2, ""La"": 0.2, ""Nd"": 0.2, ""Sm"": 0.2, ""Y"": 0.2}, ""B"": {""Mn"": 1.0}, ""C"": {""O"": 1.0}}",A,0.12857225681481865,Nd
48,"{""A"": {""Gd"": 0.2, ""La"": 0.2, ""Nd"": 0.2, ""Sm"": 0.2, ""Y"": 0.2}, ""B"": {""Ni"": 1.0}, ""C"": {""O"": 1.0}}",A,0.12857225681481865,Nd
95,"{""A"": {""Gd"": 0.2, ""La"": 0.2, ""Nd"": 0.2, ""Sm"": 0.2, ""Y"": 0.2}, ""B"": {""Zr"": 1.0}, ""C"": {""O"": 1.0}}",A,0.12857225681481865,Nd
54,"{""A"": {""Gd"": 0.2, ""La"": 0.2, ""Nd"": 0.2, ""Sm"": 0.2, ""Y"": 0.2}, ""B"": {""Co"": 0.2, ""Cr"": 0.2, ""Fe"": 0.2, ""Mn"": 0.2, ""Ni"": 0.2}, ""C"": {""O"": 1.0}}",A,0.12857225681481865,Nd
271,"{""A"": {""Gd"": 0.2, ""La"": 0.2, ""Nd"": 0.2, ""Sm"": 0.2, ""Y"": 0.2}, ""B"": {""B"": 1.0}}",A,0.12857225681481865,Nd
230,"{""A"": {""Dy"": 0.2, ""Er"": 0.2, ""Ho"": 0.2, ""Tm"": 0.2, ""Yb"": 0.2}, ""B"": {""Si"": 1.0}, ""C"": {""O"": 1.0}}",A,0.12772601647194515,Dy
582,"{""A"": {""Eu"": 0.2, ""Gd"": 0.2, ""La"": 0.2, ""Nd"": 0.2, ""Sm"": 0.2}, ""B"": {""Al"": 0.5, ""Mg"": 0.5}, ""C"": {""O"": 1.0}}",A,0.1271011159442511,Nd
364,"{""A"": {""Eu"": 0.2, ""Gd"": 0.2, ""La"": 0.2, ""Nd"": 0.2, ""Sm"": 0.2}, ""B"": {""Ce"": 1.0}, ""C"": {""O"": 1.0}}",A,0.1271011159442511,Nd
572,"{""A"": {""Eu"": 0.2, ""Gd"": 0.2, ""La"": 0.2, ""Nd"": 0.2, ""Sm"": 0.2}, ""B"": {""Al"": 0.5, ""Co"": 0.1, ""Cu"": 0.1, ""Mg"": 0.1, ""Ni"": 0.1, ""Zn"": 0.1}, ""C"": {""O"": 1.0}}",A,0.1271011159442511,Nd
89,"{""A"": {""Eu"": 0.2, ""Gd"": 0.2, ""La"": 0.2, ""Nd"": 0.2, ""Sm"": 0.2}, ""B"": {""Zr"": 1.0}, ""C"": {""O"": 1.0}}",A,0.1271011159442511,Nd
597,"{""A"": {""Eu"": 0.2, ""Gd"": 0.2, ""La"": 0.2, ""Nd"": 0.2, ""Sm"": 0.2}, ""B"": {""Hf"": 1.0}, ""C"": {""O"": 1.0}}",A,0.1271011159442511,Nd
0,"{""A"": {""Hf"": 0.25, ""Nb"": 0.25, ""Ta"": 0.25, ""Zr"": 0.25}, ""B"": {""C"": 1.0}}",A,0.12613863147183035,Hf
248,"{""A"": {""Hf"": 0.25, ""Nb"": 0.25, ""Ta"": 0.25, ""Zr"": 0.25}, ""B"": {""B"": 1.0}}",A,0.12613863147183035,Hf
632,"{""A"": {""Gd"": 0.2, ""La"": 0.2, ""Pr"": 0.2, ""Sm"": 0.2, ""Y"": 0.2}, ""B"": {""Ce"": 0.5, ""Zr"": 0.5}, ""C"": {""O"": 1.0}}",A,0.12586661724720938,Y
621,"{""A"": {""Gd"": 0.2, ""La"": 0.2, ""Pr"": 0.2, ""Sm"": 0.2, ""Y"": 0.2}, ""B"": {""Ce"": 1.0}, ""C"": {""O"": 1.0}}",A,0.12586661724720938,Y
620,"{""A"": {""Gd"": 0.2, ""La"": 0.2, ""Pr"": 0.2, ""Sm"": 0.2, ""Y"": 0.2}, ""B"": {""Ce"": 0.8, ""Zr"": 0.2}, ""C"": {""O"": 1.0}}",A,0.12586661724720938,Y
637,"{""A"": {""Gd"": 0.2, ""La"": 0.2, ""Pr"": 0.2, ""Sm"": 0.2, ""Y"": 0.2}, ""B"": {""Ce"": 0.2, ""Zr"": 0.8}, ""C"": {""O"": 1.0}}",A,0.12586661724720938,Y
516,"{""A"": {""Gd"": 0.25, ""La"": 0.25, ""Sm"": 0.25, ""Yb"": 0.25}, ""B"": {""Ce"": 1.0}, ""C"": {""O"": 1.0}}",A,0.12537900516250133,Yb
629,"{""A"": {""Dy"": 0.2, ""Gd"": 0.2, ""La"": 0.2, ""Sm"": 0.2, ""Y"": 0.2}, ""B"": {""Ta"": 1.0}, ""C"": {""O"": 1.0}}",A,0.12468696477909214,Y
270,"{""A"": {""Gd"": 0.2, ""La"": 0.2, ""Nd"": 0.2, ""Sm"": 0.2, ""Yb"": 0.2}, ""B"": {""B"": 1.0}}",A,0.12401498823914348,La
635,"{""A"": {""Eu"": 0.2, ""Gd"": 0.2, ""Nd"": 0.2, ""Sm"": 0.2, ""Yb"": 0.2}, ""B"": {""Zr"": 1.0}, ""C"": {""O"": 1.0}}",A,0.12381071635520657,Eu
522,"{""A"": {""Dy"": 0.25, ""La"": 0.25, ""Y"": 0.25, ""Yb"": 0.25}, ""B"": {""Ce"": 1.0}, ""C"": {""O"": 1.0}}",A,0.12354880638901422,Dy
108,"{""A"": {""Eu"": 0.25, ""Gd"": 0.25, ""Sm"": 0.25, ""Yb"": 0.25}, ""B"": {""Hf"": 0.25, ""Sn"": 0.25, ""Ti"": 0.25, ""Zr"": 0.25}, ""C"": {""O"": 1.0}}",A,0.12311094915355925,Yb
112,"{""A"": {""Eu"": 0.25, ""Gd"": 0.25, ""Sm"": 0.25, ""Yb"": 0.25}, ""B"": {""Hf"": 0.25, ""Ti"": 0.5, ""Zr"": 0.25}, ""C"": {""O"": 1.0}}",A,0.12311094915355925,Yb
525,"{""A"": {""Eu"": 0.25, ""La"": 0.25, ""Nd"": 0.25, ""Sm"": 0.25}, ""B"": {""Ce"": 1.0}, ""C"": {""O"": 1.0}}",A,0.12300407997738427,Eu
50,"{""A"": {""La"": 1.0}, ""B"": {""Co"": 0.2, ""Cr"": 0.2, ""Fe"": 0.2, ""Mn"": 0.2, ""Ni"": 0.2}, ""C"": {""O"": 1.0}}",B,0.12286365989528913,Mn
276,"{""A"": {""Co"": 0.2, ""Cr"": 0.2, ""Fe"": 0.2, ""Mn"": 0.2, ""Ni"": 0.2}, ""B"": {""S"": 1.0}}",A,0.12286365989528913,Mn
49,"{""A"": {""Gd"": 1.0}, ""B"": {""Co"": 0.2, ""Cr"": 0.2, ""Fe"": 0.2, ""Mn"": 0.2, ""Ni"": 0.2}, ""C"": {""O"": 1.0}}",B,0.12286365989528913,Mn
52,"{""A"": {""Sm"": 1.0}, ""B"": {""Co"": 0.2, ""Cr"": 0.2, ""Fe"": 0.2, ""Mn"": 0.2, ""Ni"": 0.2}, ""C"": {""O"": 1.0}}",B,0.12286365989528913,Mn
484,"{""A"": {""Ni"": 1.0}, ""B"": {""Co"": 0.2, ""Cr"": 0.2, ""Fe"": 0.2, ""Mn"": 0.2, ""Ni"": 0.2}, ""C"": {""O"": 1.0}}",B,0.12286365989528913,Mn
85,"{""A"": {""Co"": 0.2, ""Cr"": 0.2, ""Fe"": 0.2, ""Mn"": 0.2, ""Ni"": 0.2}, ""B"": {""Fe"": 1.0}, ""C"": {""O"": 1.0}}",A,0.12286365989528913,Mn
86,"{""A"": {""Co"": 0.2, ""Cr"": 0.2, ""Fe"": 0.2, ""Mn"": 0.2, ""Ni"": 0.2}, ""B"": {""Dy"": 0.01, ""Er"": 0.01, ""Fe"": 0.95, ""Gd"": 0.01, ""Ho"": 0.01, ""Tb"": 0.01}, ""C"": {""O"": 1.0}}",A,0.12286365989528913,Mn
77,"{""A"": {""Co"": 0.2, ""Cr"": 0.2, ""Fe"": 0.2, ""Mn"": 0.2, ""Ni"": 0.2}, ""B"": {""O"": 1.0}}",A,0.12286365989528913,Mn
51,"{""A"": {""Nd"": 1.0}, ""B"": {""Co"": 0.2, ""Cr"": 0.2, ""Fe"": 0.2, ""Mn"": 0.2, ""Ni"": 0.2}, ""C"": {""O"": 1.0}}",B,0.12286365989528913,Mn
53,"{""A"": {""Y"": 1.0}, ""B"": {""Co"": 0.2, ""Cr"": 0.2, ""Fe"": 0.2, ""Mn"": 0.2, ""Ni"": 0.2}, ""C"": {""O"": 1.0}}",B,0.12286365989528913,Mn
415,"{""A"": {""Li"": 1.0}, ""B"": {""Co"": 0.2, ""Cr"": 0.2, ""Fe"": 0.2, ""Mn"": 0.2, ""Ni"": 0.2}, ""C"": {""O"": 1.0}}",B,0.12286365989528913,Mn
221,"{""A"": {""Mo"": 0.25, ""Nb"": 0.25, ""Ta"": 0.25, ""V"": 0.25}, ""B"": {""Al"": 0.5, ""Si"": 0.5}}",A,0.12220515259786013,V
129,"{""A"": {""Co"": 0.25, ""Fe"": 0.25, ""Mn"": 0.25, ""Ni"": 0.25}, ""B"": {""Cl"": 1.0}}",A,0.12023971331969519,Mn
477,"{""A"": {""La"": 0.7, ""Sr"": 0.3}, ""B"": {""Co"": 0.25, ""Fe"": 0.25, ""Mn"": 0.25, ""Ni"": 0.25}, ""C"": {""O"": 1.0}}",B,0.12023971331969519,Mn
124,"{""A"": {""Co"": 0.25, ""Fe"": 0.25, ""Mn"": 0.25, ""Ni"": 0.25}, ""B"": {""P"": 1.0}, ""C"": {""S"": 1.0}}",A,0.12023971331969519,Mn
88,"{""A"": {""Eu"": 0.25, ""Gd"": 0.25, ""Nd"": 0.25, ""Sm"": 0.25}, ""B"": {""Zr"": 1.0}, ""C"": {""O"": 1.0}}",A,0.1201671254393214,Nd
590,"{""A"": {""Dy"": 0.2, ""Er"": 0.2, ""Gd"": 0.2, ""Sm"": 0.2, ""Yb"": 0.2}, ""B"": {""Zr"": 1.0}, ""C"": {""O"": 1.0}}",A,0.1168414221795161,Er
557,"{""A"": {""Dy"": 0.25, ""Ho"": 0.25, ""Tm"": 0.25, ""Yb"": 0.25}, ""B"": {""Si"": 1.0}, ""C"": {""O"": 1.0}}",A,0.11436440586677199,Dy
517,"{""A"": {""La"": 0.25, ""Nd"": 0.25, ""Y"": 0.25, ""Yb"": 0.25}, ""B"": {""Ce"": 1.0}, ""C"": {""O"": 1.0}}",A,0.11416013926231638,Y
229,"{""A"": {""Dy"": 0.25, ""Er"": 0.25, ""Ho"": 0.25, ""Yb"": 0.25}, ""B"": {""Si"": 1.0}, ""C"": {""O"": 1.0}}",A,0.11376472694349749,Dy
9,"{""A"": {""Nb"": 0.3333, ""Ti"": 0.3333, ""V"": 0.3333}, ""B"": {""C"": 0.6667, ""N"": 0.1, ""X"": 0.2333}}",A,0.11290157314523896,Ti
247,"{""A"": {""Nb"": 0.25, ""Ta"": 0.25, ""Ti"": 0.25, ""Zr"": 0.25}, ""B"": {""B"": 1.0}}",A,0.11167163506532019,Zr
16,"{""A"": {""Nb"": 0.25, ""Ta"": 0.25, ""Ti"": 0.25, ""Zr"": 0.25}, ""B"": {""C"": 1.0}}",A,0.11167163506532019,Zr
556,"{""A"": {""Dy"": 0.25, ""Er"": 0.25, ""Gd"": 0.25, ""Ho"": 0.25}, ""B"": {""Si"": 1.0}, ""C"": {""O"": 1.0}}",A,0.11027682370600811,Gd
642,"{""A"": {""Dy"": 0.3333, ""Er"": 0.3333, ""Yb"": 0.3333}, ""B"": {""Si"": 1.0}, ""C"": {""O"": 1.0}}",A,0.10934272472732565,Dy
613,"{""A"": {""Nd"": 0.3333, ""Tm"": 0.3333, ""Yb"": 0.3333}, ""B"": {""Si"": 1.0}, ""C"": {""O"": 1.0}}",A,0.10775317579799404,Nd
104,"{""A"": {""La"": 0.3333, ""Nd"": 0.3333, ""Pr"": 0.3333}, ""B"": {""Hf"": 0.5, ""Zr"": 0.5}, ""C"": {""O"": 1.0}}",A,0.10350367234228408,La
21,"{""A"": {""Mo"": 0.25, ""Nb"": 0.25, ""Ta"": 0.25, ""W"": 0.25}, ""B"": {""C"": 1.0}}",A,0.10275505368257754,W
515,"{""A"": {""Gd"": 0.3333, ""Y"": 0.3333, ""Yb"": 0.3333}, ""B"": {""Nb"": 1.0}, ""C"": {""O"": 1.0}}",A,0.10189000208709242,Yb
110,"{""A"": {""Eu"": 0.3333, ""Gd"": 0.3333, ""Sm"": 0.3333}, ""B"": {""Hf"": 0.0833, ""Sn"": 0.0833, ""Ti"": 0.75, ""Zr"": 0.0833}, ""C"": {""O"": 1.0}}",A,0.09376069718995717,Eu
106,"{""A"": {""Eu"": 0.3333, ""Gd"": 0.3333, ""Sm"": 0.3333}, ""B"": {""Hf"": 0.3333, ""Sn"": 0.3333, ""Zr"": 0.3333}, ""C"": {""O"": 1.0}}",A,0.09376069718995717,Eu
105,"{""A"": {""Eu"": 0.3333, ""Gd"": 0.3333, ""Sm"": 0.3333}, ""B"": {""Hf"": 0.5, ""Zr"": 0.5}, ""C"": {""O"": 1.0}}",A,0.09376069718995717,Eu
109,"{""A"": {""Eu"": 0.3333, ""Gd"": 0.3333, ""Sm"": 0.3333}, ""B"": {""Hf"": 0.1667, ""Sn"": 0.1667, ""Ti"": 0.5, ""Zr"": 0.1667}, ""C"": {""O"": 1.0}}",A,0.09376069718995717,Eu
111,"{""A"": {""Eu"": 0.3333, ""Gd"": 0.3333, ""Sm"": 0.3333}, ""B"": {""Ti"": 1.0}, ""C"": {""O"": 1.0}}",A,0.09376069718995717,Eu
639,"{""A"": {""Er"": 0.3333, ""Ho"": 0.3333, ""Yb"": 0.3333}, ""B"": {""Si"": 1.0}, ""C"": {""O"": 1.0}}",A,0.07490534505583979,Ho
